price,sqfeet,beds,baths,cats_allowed,dogs_allowed,smoking_allowed,wheelchair_access,electric_vehicle_charge,comes_furnished,laundry on site,no laundry on site,w/d hookups,w/d in unit,attached garage,carport,detached garage,off-street parking,street parking
1327,1204,3,2.0,1,1,0,0,0,0,0,1,0,0,0,0,0,0,0
789,585,1,1.0,1,1,1,0,0,0,1,0,0,0,0,1,0,0,0
1576,1360,2,2.0,1,1,1,0,0,0,0,0,0,1,0,1,0,0,0
925,744,1,1.0,0,0,1,0,0,0,0,1,0,0,0,0,0,0,0
1310,726,1,1.0,0,0,1,0,0,0,0,1,0,0,0,0,0,0,0
935,875,2,2.0,1,1,0,0,0,0,1,0,0,0,0,1,0,0,0
1297,1078,2,2.0,0,0,1,0,0,0,0,1,0,0,0,0,0,0,0
1262,772,1,1.0,1,1,1,1,0,1,0,0,0,1,0,0,0,0,0
1358,975,2,2.0,0,0,1,0,0,0,0,1,0,0,0,0,0,0,0
950,950,2,2.0,0,0,0,0,0,0,0,0,0,1,0,0,0,1,0
950,950,2,2.0,0,0,0,0,0,0,0,0,0,1,0,0,0,1,0
1297,1078,2,2.0,0,0,1,0,0,0,0,1,0,0,0,0,0,0,0
950,950,2,2.0,0,0,0,0,0,0,0,0,0,1,0,0,0,1,0
950,950,2,2.0,0,0,0,0,0,0,0,0,0,1,0,0,0,1,0
1065,790,1,1.0,1,1,1,1,0,0,0,0,0,1,0,1,0,0,0
1387,961,2,2.0,1,1,1,0,0,0,0,1,0,0,0,0,0,0,0
715,850,1,1.0,1,1,1,1,0,1,0,1,0,0,0,0,0,0,0
1400,1395,3,2.0,1,0,1,0,0,0,0,0,0,1,0,1,0,0,0
1262,772,1,1.0,1,1,1,1,0,1,0,0,0,1,0,0,0,0,0
1265,959,2,2.0,1,1,1,0,0,0,0,0,0,1,0,1,0,0,0
699,783,2,1.0,1,1,1,0,0,0,1,0,0,0,0,0,0,1,0
715,800,2,1.0,1,1,1,0,0,0,1,0,0,0,0,0,0,1,0
885,875,2,1.0,1,1,1,0,0,0,1,0,0,0,0,1,0,0,0
940,927,2,2.0,1,1,1,0,0,0,1,0,0,0,0,0,0,0,0
1447,1032,2,2.0,0,0,1,0,0,0,0,1,0,0,0,0,0,0,0
869,611,1,1.0,1,1,1,0,0,0,1,0,0,0,0,1,0,0,0
1508,1006,2,2.0,1,1,1,0,0,0,0,0,0,1,0,1,0,0,0
1207,787,2,1.0,0,0,1,0,0,0,0,1,0,0,0,0,0,0,0
775,624,1,1.0,1,1,1,0,0,0,1,0,0,0,0,1,0,0,0
915,782,1,1.0,0,0,1,0,0,0,0,1,0,0,0,0,0,0,0
1200,900,2,2.0,1,1,1,0,0,0,0,0,0,1,0,0,0,1,0
1254,1152,3,2.0,1,1,1,0,0,0,0,0,0,1,0,1,0,0,0
1085,764,1,1.0,1,1,1,0,0,0,0,0,0,1,0,0,0,0,0
1175,1009,2,2.0,1,1,1,0,0,0,0,0,0,1,0,1,0,0,0
940,675,1,1.0,1,1,1,0,0,0,0,0,0,1,0,1,0,0,0
1200,900,2,2.0,1,1,1,0,0,0,0,0,0,1,0,0,0,1,0
1314,1152,2,2.0,0,0,1,0,0,0,0,1,0,0,0,0,0,0,0
1075,779,2,1.5,1,1,1,0,0,0,1,0,0,0,0,1,0,0,0
999,750,1,1.0,0,0,1,0,0,0,0,1,0,0,0,0,0,0,0
989,732,1,1.0,1,1,0,0,0,0,0,1,0,0,0,0,0,0,0
1300,776,1,1.0,0,0,0,0,0,0,0,0,0,1,0,1,0,0,0
840,610,1,1.0,1,1,1,0,0,0,1,0,0,0,0,1,0,0,0
805,786,0,1.0,1,1,1,0,0,0,0,0,0,1,0,1,0,0,0
1276,1003,2,2.0,1,1,0,1,0,0,0,0,0,1,0,1,0,0,0
897,456,1,1.0,0,0,1,0,0,0,0,1,0,0,0,0,0,0,0
1514,903,2,2.0,1,1,1,0,0,0,0,0,0,1,0,0,1,0,0
1055,792,2,2.0,1,1,1,0,0,0,0,0,0,1,0,1,0,0,0
1292,1013,2,2.0,0,0,1,0,0,0,0,1,0,0,0,0,0,0,0
269,395,1,1.0,1,1,1,0,0,1,1,0,0,0,0,0,0,1,0
1563,1253,3,2.0,1,1,1,1,0,0,0,0,0,1,0,0,1,0,0
1250,675,2,1.0,0,0,1,0,0,0,0,1,0,0,0,0,0,0,0
269,395,1,1.0,1,1,1,0,0,1,1,0,0,0,0,0,0,1,0
269,395,1,1.0,1,1,1,0,0,1,1,0,0,0,0,0,0,1,0
1528,1006,2,2.0,1,1,1,0,0,0,0,0,0,1,0,1,0,0,0
209,300,0,1.0,1,1,0,1,0,1,1,0,0,0,0,0,0,0,0
920,853,1,1.0,1,1,1,0,0,0,0,1,0,0,0,0,0,0,0
875,636,2,1.0,1,1,1,0,0,0,0,1,0,0,0,0,0,0,0
795,491,1,1.0,1,1,1,0,0,0,0,1,0,0,0,0,0,0,0
695,475,0,1.0,1,1,1,0,0,0,0,1,0,0,0,0,0,0,0
975,926,2,2.0,0,0,1,0,0,0,0,1,0,0,0,0,0,0,0
1115,1144,2,2.0,1,1,1,0,0,0,0,0,0,1,0,1,0,0,0
1192,827,1,1.0,1,1,1,1,0,0,0,0,0,1,0,0,0,0,0
870,570,1,1.0,1,1,1,0,0,0,1,0,0,0,0,1,0,0,0
875,982,2,2.0,1,1,1,1,0,1,0,1,0,0,0,0,0,0,0
913,550,1,1.0,1,1,1,0,0,0,0,1,0,0,0,0,0,0,0
1450,800,2,1.0,1,1,1,1,0,0,0,0,0,1,0,0,0,1,0
1295,900,2,1.0,1,1,1,1,0,0,1,0,0,0,0,0,0,1,0
975,800,1,1.0,1,1,1,1,0,0,0,0,0,1,0,0,0,1,0
1297,1078,2,2.0,1,1,1,0,0,0,0,0,0,1,0,1,0,0,0
1232,980,2,2.0,0,0,1,0,0,0,0,1,0,0,0,0,0,0,0
1099,800,1,1.0,0,0,1,0,0,0,0,1,0,0,0,0,0,0,0
725,590,1,1.0,1,1,1,0,0,0,1,0,0,0,0,0,0,0,0
268,300,0,1.0,1,1,0,0,0,1,0,1,0,0,0,0,0,0,0
1070,893,2,2.0,1,1,1,0,0,0,0,0,0,1,0,1,0,0,0
1200,772,1,1.0,1,1,0,1,0,0,0,0,0,1,0,0,0,0,0
1175,1105,2,2.0,1,1,1,0,0,0,0,0,0,1,0,1,0,0,0
1495,1146,3,2.0,1,1,1,0,0,0,0,1,0,0,0,0,0,0,0
679,240,0,1.0,0,0,1,0,0,0,0,1,0,0,0,0,0,0,0
1469,519,1,1.0,1,1,0,1,0,0,0,0,0,1,0,0,1,0,0
1192,742,1,1.0,1,1,1,0,0,0,1,0,0,0,0,0,1,0,0
1073,800,1,1.0,0,0,1,0,0,0,0,1,0,0,0,0,0,0,0
1130,1107,2,2.0,0,0,1,0,0,0,0,1,0,0,0,0,0,0,0
1271,938,2,2.0,1,1,1,1,0,1,0,0,0,1,0,0,0,0,0
1075,965,2,2.0,1,1,1,0,0,0,0,0,0,1,0,1,0,0,0
1116,865,2,1.0,1,1,1,0,0,0,0,1,0,0,0,0,0,0,0
268,300,0,1.0,1,1,0,0,0,1,1,0,0,0,0,0,0,0,0
1152,777,1,1.0,0,0,1,0,0,0,0,1,0,0,0,0,0,0,0
1595,1293,3,2.0,1,1,1,0,0,0,0,1,0,0,0,0,0,0,0
1453,1200,3,2.0,0,0,1,0,0,0,0,1,0,0,0,0,0,0,0
1025,782,1,1.0,0,0,1,0,0,0,0,1,0,0,0,0,0,0,0
1107,646,1,1.0,1,1,1,1,0,0,0,0,0,1,0,0,0,0,0
699,540,1,1.0,1,1,1,0,0,0,1,0,0,0,0,1,0,0,0
1326,765,1,1.0,0,0,1,0,0,0,0,1,0,0,0,0,0,0,0
1255,959,2,2.0,1,1,1,0,0,0,0,0,0,1,0,1,0,0,0
1480,1055,2,2.0,1,1,0,0,0,0,0,0,0,1,0,1,0,0,0
825,789,2,1.0,1,1,1,0,0,0,1,0,0,0,0,0,0,0,0
864,570,1,1.0,1,1,1,0,0,0,1,0,0,0,0,0,0,1,0
209,300,0,1.0,1,1,0,1,0,1,1,0,0,0,0,0,0,0,0
1000,600,1,1.0,1,1,1,1,0,1,1,0,0,0,0,0,0,0,0
870,570,1,1.0,1,1,1,0,0,0,1,0,0,0,0,1,0,0,0
1019,550,1,1.0,1,1,1,0,0,0,0,1,0,0,0,0,0,0,0
1200,1100,2,2.0,1,1,1,1,0,0,0,0,0,1,0,0,0,1,0
1045,900,1,1.0,1,1,1,1,0,0,1,0,0,0,0,0,0,1,0
1155,1005,2,2.0,1,1,1,1,0,0,0,0,0,1,0,0,0,1,0
5000,4391,5,4.0,0,0,1,0,0,0,0,1,0,0,0,0,0,0,0
1106,782,1,1.0,1,1,1,0,0,0,0,0,0,1,0,1,0,0,0
1447,1032,2,2.0,0,0,1,0,0,0,0,1,0,0,0,0,0,0,0
1031,695,1,1.0,0,0,1,0,0,0,0,1,0,0,0,0,0,0,0
268,300,0,1.0,1,1,0,0,0,1,1,0,0,0,0,0,0,0,0
1070,893,2,2.0,1,1,1,0,0,0,0,0,0,1,0,1,0,0,0
1265,959,2,2.0,1,1,1,0,0,0,0,0,0,1,0,1,0,0,0
1301,1025,2,2.0,0,0,1,0,0,0,0,1,0,0,0,0,0,0,0
695,475,0,1.0,1,1,1,0,0,0,0,1,0,0,0,0,0,0,0
795,491,1,1.0,1,1,1,0,0,0,0,1,0,0,0,0,0,0,0
875,636,2,1.0,1,1,1,0,0,0,0,1,0,0,0,0,0,0,0
920,853,2,1.0,1,1,1,0,0,0,0,1,0,0,0,0,0,0,0
679,240,0,1.0,0,0,1,0,0,0,0,1,0,0,0,0,0,0,0
920,456,1,1.0,0,0,1,0,0,0,0,1,0,0,0,0,0,0,0
1365,461,1,1.0,1,1,0,1,0,0,0,0,0,1,0,0,1,0,0
1035,771,2,1.0,1,1,1,0,0,0,1,0,0,0,0,0,0,1,0
625,500,1,1.0,1,1,1,0,0,0,1,0,0,0,0,0,0,1,0
1189,925,2,1.0,0,0,1,0,0,0,0,1,0,0,0,0,0,0,0
1170,1107,2,2.0,0,0,1,0,0,0,0,1,0,0,0,0,0,0,0
1192,742,1,1.0,1,1,1,0,0,0,0,0,0,1,0,0,1,0,0
800,750,2,1.0,0,0,1,0,0,0,0,0,1,0,0,0,0,0,0
1297,1003,2,2.0,1,1,1,1,0,1,0,0,0,1,0,0,0,0,0
950,1204,4,2.5,1,1,1,0,0,0,0,1,0,0,0,0,0,0,0
209,300,0,1.0,1,1,0,1,0,1,0,1,0,0,0,0,0,0,0
1314,1200,3,2.0,1,1,1,0,0,0,0,0,0,1,0,1,0,0,0
1312,1167,2,2.0,1,1,1,1,0,0,0,0,0,1,0,0,1,0,0
929,686,2,1.0,1,1,1,0,0,0,1,0,0,0,0,0,0,1,0
1495,1146,3,2.0,1,1,1,0,0,0,0,1,0,0,0,0,0,0,0
1513,1006,2,2.0,1,1,1,0,0,0,0,0,0,1,0,1,0,0,0
268,300,0,1.0,1,1,0,0,0,1,1,0,0,0,0,0,0,0,0
886,400,1,1.0,1,1,1,0,0,0,0,1,0,0,0,0,0,0,0
866,570,1,1.0,0,0,1,0,0,0,0,1,0,0,0,0,0,0,0
773,676,1,1.0,0,0,1,0,0,0,0,1,0,0,0,0,0,0,0
1050,762,2,1.0,1,1,1,0,0,0,0,0,0,0,0,1,0,0,0
1248,938,2,2.0,1,1,1,1,0,0,0,0,0,1,0,0,0,0,0
1314,725,1,1.0,1,1,1,0,0,0,0,0,0,1,0,1,0,0,0
1019,550,1,1.0,1,1,1,0,0,0,0,1,0,0,0,0,0,0,0
1510,1213,2,2.0,0,0,1,0,0,0,0,0,0,1,1,0,0,0,0
1185,879,2,1.0,1,1,1,0,0,0,1,0,0,0,0,1,0,0,0
1515,1219,3,2.0,0,0,1,0,0,0,0,1,0,0,0,0,0,0,0
1275,1017,2,2.0,1,1,1,0,0,0,0,0,0,1,0,1,0,0,0
1353,1054,2,2.0,0,0,1,0,0,0,0,1,0,0,0,0,0,0,0
941,634,1,1.0,1,1,1,0,0,0,1,0,0,0,0,1,0,0,0
1131,950,2,2.0,1,1,1,0,0,0,0,0,0,1,0,1,0,0,0
1109,768,1,1.0,0,0,1,0,0,0,0,1,0,0,0,0,0,0,0
1833,1289,3,2.0,1,1,1,0,0,0,0,0,0,1,0,1,0,0,0
1050,750,1,1.0,1,1,1,0,0,0,1,0,0,0,0,1,0,0,0
1381,1183,3,2.0,0,0,1,0,0,0,0,1,0,0,0,0,0,0,0
799,600,1,1.0,1,1,1,0,0,0,1,0,0,0,0,1,0,0,0
926,730,1,1.0,1,1,1,0,0,0,0,0,0,1,0,1,0,0,0
860,615,1,1.0,1,1,1,0,0,0,1,0,0,0,0,1,0,0,0
1235,543,1,1.0,1,1,0,0,0,0,0,0,0,1,0,1,0,0,0
3416,1070,2,2.0,1,1,0,1,0,0,0,0,0,1,1,0,0,0,0
736,350,0,1.0,1,1,1,0,0,0,0,1,0,0,0,0,0,0,0
924,539,1,1.0,1,1,1,0,0,0,0,0,0,1,0,0,0,0,0
1048,700,1,1.0,0,0,1,0,0,0,0,1,0,0,0,0,0,0,0
925,700,1,1.0,1,1,1,0,0,0,0,0,0,1,0,1,0,0,0
1605,1106,2,2.0,1,1,0,0,0,0,0,0,0,1,0,1,0,0,0
1235,2082,4,1.5,1,1,1,0,0,0,0,1,0,0,0,0,0,0,0
1254,1152,3,2.0,1,1,1,0,0,0,0,0,0,1,0,1,0,0,0
647,1159,2,2.0,1,1,1,0,0,0,0,0,0,1,0,1,0,0,0
1850,1160,2,2.0,1,1,0,0,0,0,0,0,0,1,0,1,0,0,0
1205,937,1,1.0,1,1,1,0,0,0,0,1,0,0,0,0,0,0,0
925,700,1,1.0,1,1,1,0,0,0,0,0,0,1,0,1,0,0,0
1555,1426,3,2.0,0,0,1,0,0,0,0,1,0,0,0,0,0,0,0
1585,1063,2,2.0,1,1,1,0,0,0,0,0,0,1,0,1,0,0,0
925,700,1,1.0,1,1,1,0,0,0,0,0,0,1,0,1,0,0,0
1346,950,2,2.0,1,1,1,0,0,0,0,0,0,1,0,1,0,0,0
1175,730,1,1.0,1,1,1,0,0,0,0,0,0,1,0,1,0,0,0
925,700,1,1.0,1,1,1,0,0,0,0,0,0,1,0,1,0,0,0
1499,1221,2,0.0,1,1,1,0,0,0,0,1,0,0,0,0,0,0,0
679,240,0,1.0,0,0,1,0,0,0,0,1,0,0,0,0,0,0,0
925,700,1,1.0,1,1,1,0,0,0,0,0,0,1,0,1,0,0,0
1070,814,1,1.0,0,0,1,0,0,0,0,1,0,0,0,0,0,0,0
1344,1199,3,2.0,1,1,1,0,0,0,0,0,0,1,0,1,0,0,0
1520,1063,2,2.0,1,1,1,0,0,0,0,0,0,1,0,1,0,0,0
1200,1000,2,2.0,1,1,1,0,0,0,0,0,0,1,0,1,0,0,0
1171,911,2,2.0,0,1,1,0,0,0,1,0,0,0,0,1,0,0,0
1650,1188,3,2.0,1,1,0,0,0,0,0,0,0,1,0,1,0,0,0
1180,770,1,0.0,0,0,1,0,0,0,0,0,0,1,0,1,0,0,0
1095,800,2,2.0,1,1,0,0,0,0,1,0,0,0,0,0,0,1,0
940,675,1,1.0,1,1,1,0,0,0,0,0,0,1,0,1,0,0,0
1200,940,2,2.0,1,1,1,0,0,0,0,0,0,1,0,1,0,0,0
1200,940,2,2.0,1,1,1,0,0,0,0,0,0,1,0,1,0,0,0
1200,1000,2,2.0,1,1,1,0,0,0,0,0,0,1,0,1,0,0,0
1200,940,2,2.0,1,1,1,0,0,0,0,0,0,1,0,1,0,0,0
1275,900,2,2.0,0,0,1,0,0,0,0,1,0,0,0,0,0,0,0
800,500,0,1.0,1,1,1,0,0,0,0,0,0,1,0,1,0,0,0
973,586,1,1.0,0,0,1,0,0,0,0,1,0,0,0,0,0,0,0
800,500,0,1.0,1,1,1,0,0,0,0,0,0,1,0,1,0,0,0
1209,900,2,2.0,0,0,1,0,0,0,0,1,0,0,0,0,0,0,0
800,500,0,1.0,1,1,1,0,0,0,0,0,0,1,0,1,0,0,0
1199,745,1,1.0,0,0,1,0,0,0,0,1,0,0,0,0,0,0,0
1248,938,2,2.0,1,1,1,1,0,0,0,0,0,1,0,0,0,0,0
1337,970,2,2.0,1,1,1,0,0,0,0,0,0,1,0,0,0,1,0
1095,1000,2,2.0,1,1,0,0,0,0,0,0,0,1,0,1,0,0,0
1190,1006,2,2.0,0,0,1,0,0,0,0,0,0,1,0,0,0,0,0
1220,868,1,1.0,0,0,1,0,0,0,0,1,0,0,0,0,0,0,0
975,926,2,2.0,0,0,1,0,0,0,0,1,0,0,0,0,0,0,0
1199,910,1,1.0,1,1,1,0,0,0,0,0,0,1,0,1,0,0,0
1438,1006,2,2.0,0,0,1,0,0,0,0,1,0,0,0,0,0,0,0
1190,797,1,1.0,1,1,1,0,0,0,0,0,0,1,0,1,0,0,0
1305,1067,2,2.0,0,0,1,0,0,0,0,1,0,0,0,0,0,0,0
1146,950,2,2.0,0,0,1,0,0,0,0,1,0,0,0,0,0,0,0
955,694,1,1.0,1,1,1,0,0,0,0,0,0,1,0,1,0,0,0
1030,946,2,1.0,1,1,1,0,0,0,0,0,0,1,0,1,0,0,0
2036,982,2,2.0,1,1,1,0,0,0,0,0,0,1,0,0,0,0,0
1400,769,1,1.0,1,1,1,0,0,0,0,0,0,1,0,0,0,0,0
1403,770,1,1.0,1,1,0,0,0,0,0,0,0,1,0,1,0,0,0
975,926,2,2.0,0,0,1,0,0,0,0,1,0,0,0,0,0,0,0
1441,1208,2,2.0,1,1,1,0,0,0,0,0,0,1,0,1,0,0,0
725,590,1,1.0,1,1,1,0,0,0,1,0,0,0,0,0,0,0,0
1085,667,1,1.0,1,1,1,0,0,0,0,0,0,1,0,1,0,0,0
1160,902,2,2.0,1,1,1,0,0,0,0,0,0,1,0,1,0,0,0
912,833,1,1.0,1,1,1,0,0,0,0,0,0,1,0,1,0,0,0
1115,1144,2,2.0,1,1,1,0,0,0,0,0,0,1,0,1,0,0,0
795,491,0,1.0,1,1,1,0,0,0,0,0,0,1,0,0,0,1,0
685,569,1,1.0,1,1,1,0,0,0,0,0,0,1,0,1,0,0,0
1520,1146,3,2.0,1,1,1,0,0,0,0,1,0,0,0,0,0,0,0
1301,1003,2,2.0,1,1,0,0,0,0,0,0,0,1,0,1,0,0,0
1425,1213,2,2.0,1,0,0,0,0,0,0,1,0,0,0,1,0,0,0
1535,1253,2,2.0,1,1,1,0,0,0,0,0,0,1,0,1,0,0,0
1677,1098,2,2.0,0,0,1,0,0,0,0,0,0,1,1,0,0,0,0
785,502,0,1.0,1,1,1,0,0,0,0,0,0,1,0,0,0,0,0
1212,916,2,2.0,1,1,1,0,0,0,0,1,0,0,0,0,0,0,0
975,863,2,1.0,1,1,1,0,0,0,0,0,0,1,0,1,0,0,0
1423,988,2,2.0,0,0,1,0,0,0,0,1,0,0,0,0,0,0,0
1095,1295,2,2.0,1,1,1,0,0,0,0,0,0,1,0,1,0,0,0
1773,1133,3,2.0,1,1,1,0,0,0,0,0,0,1,0,0,0,0,0
1389,1205,2,2.0,1,1,1,0,0,0,0,0,0,1,0,1,0,0,0
1330,503,0,1.0,1,1,0,1,0,1,0,0,0,1,0,0,1,0,0
1105,605,1,1.0,1,1,0,0,0,0,1,0,0,0,0,1,0,0,0
1400,1050,2,2.0,1,1,1,0,0,0,1,0,0,0,0,1,0,0,0
1648,1133,3,2.0,1,1,1,0,0,0,0,0,0,1,0,0,0,0,0
1130,811,1,1.0,1,1,1,0,0,0,0,0,0,1,0,0,0,0,0
1035,550,1,1.0,1,1,1,0,0,0,0,1,0,0,0,0,0,0,0
1183,805,2,2.0,1,1,1,0,0,0,1,0,0,0,0,1,0,0,0
799,600,1,1.0,1,1,1,0,0,0,1,0,0,0,0,1,0,0,0
1089,771,1,1.0,0,0,1,0,0,0,0,1,0,0,0,0,0,0,0
845,550,1,1.0,1,1,1,0,0,0,1,0,0,0,0,1,0,0,0
1105,605,1,1.0,1,1,0,0,0,0,0,0,0,1,0,0,0,0,0
219,300,0,1.0,1,1,0,1,0,1,0,1,0,0,0,0,0,0,0
845,702,2,1.0,1,1,1,0,0,0,0,0,0,1,0,1,0,0,0
1431,971,2,2.0,1,1,1,0,0,0,0,0,0,1,0,0,0,0,0
749,555,1,1.0,0,0,1,0,0,0,0,1,0,0,0,0,0,0,0
792,375,0,1.0,1,1,1,0,0,1,1,0,0,0,0,0,0,0,0
1246,900,2,2.0,0,0,1,0,0,0,0,1,0,0,0,0,0,0,0
875,636,2,1.0,1,1,1,0,0,0,0,1,0,0,0,0,0,0,0
695,475,0,1.0,1,1,1,0,0,0,0,1,0,0,0,0,0,0,0
665,329,0,1.0,1,1,1,0,0,0,0,1,0,0,0,0,0,0,0
920,853,2,1.0,1,1,1,0,0,0,0,1,0,0,0,0,0,0,0
981,540,1,1.0,1,1,1,0,0,1,1,0,0,0,0,0,0,0,0
706,555,1,1.0,0,0,1,0,0,0,0,1,0,0,0,0,0,0,0
850,650,2,2.0,1,1,1,1,0,0,1,0,0,0,0,1,0,0,0
795,491,1,1.0,1,1,1,0,0,0,0,1,0,0,0,0,0,0,0
955,900,2,2.0,1,1,1,0,0,0,1,0,0,0,0,0,0,1,0
845,720,1,1.0,0,0,1,0,0,0,0,0,0,1,0,1,0,0,0
1205,970,2,2.0,1,1,1,0,0,0,0,0,0,1,0,1,0,0,0
979,991,2,2.0,1,1,1,0,0,0,0,0,0,1,0,1,0,0,0
1340,970,2,0.0,1,1,1,0,0,0,0,0,0,1,0,1,0,0,0
1200,900,2,2.0,1,1,1,0,0,0,0,0,0,1,0,0,0,1,0
1301,1042,2,2.0,0,0,1,0,0,0,0,1,0,0,0,0,0,0,0
1451,978,2,2.0,1,1,1,0,0,0,1,0,0,0,0,0,1,0,0
856,418,0,1.0,0,0,1,0,0,0,0,1,0,0,0,0,0,0,0
733,455,0,1.0,0,0,1,0,0,0,0,1,0,0,0,0,0,0,0
1250,960,2,2.0,1,1,1,0,0,0,0,0,0,1,0,1,0,0,0
1084,800,1,1.0,0,0,1,0,0,0,0,1,0,0,0,0,0,0,0
1605,1107,3,2.0,1,1,1,0,0,0,0,1,0,0,0,0,0,0,0
1411,967,2,2.0,1,1,1,0,0,0,0,0,0,1,0,0,0,0,0
1278,1190,2,2.0,0,0,1,0,0,0,0,1,0,0,0,0,0,0,0
1900,1257,3,2.0,1,1,1,0,0,0,0,0,0,1,0,1,0,0,0
1325,1204,3,2.0,1,1,0,0,0,0,0,1,0,0,0,0,0,0,0
940,640,1,1.0,1,1,1,0,0,0,1,0,0,0,0,1,0,0,0
849,470,0,1.0,0,0,1,0,0,0,0,1,0,0,0,0,0,0,0
1074,716,1,1.0,1,1,1,0,0,0,0,0,0,1,0,0,0,0,0
1540,1112,2,2.0,1,1,1,0,0,0,0,0,0,1,0,1,0,0,0
1204,805,2,2.0,1,1,1,0,0,0,1,0,0,0,0,1,0,0,0
1192,741,1,1.0,1,1,1,0,0,0,1,0,0,0,0,0,1,0,0
1005,800,1,1.0,1,1,1,0,0,0,0,0,0,1,0,1,0,0,0
1052,779,2,1.0,0,0,1,0,0,0,0,1,0,0,0,0,0,0,0
1170,1107,2,2.0,0,0,1,0,0,0,0,1,0,0,0,0,0,0,0
1100,476,0,1.0,1,1,1,0,0,0,0,0,0,1,0,1,0,0,0
1262,772,1,1.0,1,1,1,1,0,0,0,0,0,1,0,0,0,0,0
1140,900,2,2.0,1,1,1,0,0,0,0,0,0,1,0,1,0,0,0
1485,1382,3,2.0,1,1,1,0,0,0,0,0,0,1,0,1,0,0,0
1065,720,1,1.0,1,1,1,0,0,0,0,0,0,1,0,0,0,0,0
830,336,0,1.0,1,1,1,0,0,0,0,1,0,0,0,0,0,0,0
1510,2,2,2.0,1,1,1,0,0,0,0,0,0,1,1,0,0,0,0
1178,676,1,1.0,1,1,1,0,0,0,0,0,0,1,1,0,0,0,0
920,730,1,1.0,1,1,1,0,0,0,0,0,0,1,0,1,0,0,0
1070,814,1,1.0,0,0,1,0,0,0,0,1,0,0,0,0,0,0,0
850,600,1,1.0,1,1,1,0,0,0,1,0,0,0,0,0,0,1,0
1150,934,2,2.0,0,0,1,0,0,0,0,0,0,1,0,1,0,0,0
875,555,1,1.0,1,1,1,0,0,0,0,0,0,0,0,1,0,0,0
1396,983,2,2.0,0,0,1,0,0,0,0,1,0,0,0,0,0,0,0
1019,964,2,2.0,0,1,1,0,0,0,0,0,0,1,0,1,0,0,0
679,240,0,1.0,0,0,1,0,0,0,0,1,0,0,0,0,0,0,0
1297,1078,2,2.0,0,0,1,0,0,0,0,1,0,0,0,0,0,0,0
773,676,1,1.0,0,0,1,0,0,0,0,1,0,0,0,0,0,0,0
955,900,2,2.0,1,1,1,0,0,0,1,0,0,0,0,0,0,1,0
1145,1008,2,1.0,1,1,1,0,0,0,1,0,0,0,0,0,0,1,0
1403,1050,2,2.0,0,0,1,0,0,0,0,1,0,0,0,0,0,0,0
994,900,2,2.0,0,0,1,0,0,0,0,1,0,0,0,0,0,0,0
1150,961,2,2.0,1,1,1,0,0,0,0,0,0,1,0,1,0,0,0
920,456,1,1.0,0,0,1,0,0,0,0,1,0,0,0,0,0,0,0
1438,1006,2,2.0,0,0,1,0,0,0,0,1,0,0,0,0,0,0,0
1678,1069,3,2.0,1,1,1,0,0,0,0,0,0,1,0,0,1,0,0
1169,341,0,1.0,1,1,0,1,0,0,0,0,0,1,0,0,1,0,0
1250,941,2,2.0,1,1,1,0,0,0,1,0,0,0,0,0,0,0,0
850,600,1,1.0,1,1,1,0,0,0,1,0,0,0,0,0,0,1,0
1092,825,1,1.0,0,0,1,0,0,0,0,1,0,0,0,0,0,0,0
905,660,1,1.0,0,0,1,0,0,0,0,1,0,0,0,0,0,0,0
1204,979,2,2.0,1,1,1,0,0,0,0,0,0,1,0,1,0,0,0
2750,650,1,1.0,1,1,0,0,0,1,0,1,0,0,0,0,0,0,0
1285,1013,2,2.0,0,0,1,0,0,0,0,1,0,0,0,0,0,0,0
985,658,1,1.0,1,1,1,0,0,0,0,0,0,1,0,1,0,0,0
1105,605,1,1.0,1,1,0,0,0,0,0,0,0,1,0,0,0,0,0
1459,1068,2,2.0,1,1,1,0,0,0,0,0,0,1,0,1,0,0,0
1034,771,2,1.0,1,1,1,0,0,0,1,0,0,0,0,0,0,1,0
1425,846,2,2.0,0,0,1,0,0,0,0,1,0,0,0,0,0,0,0
1,1382,2,2.5,1,1,1,0,0,0,0,0,0,1,0,0,0,0,0
1355,1088,2,1.0,1,1,1,0,0,0,0,0,0,1,0,1,0,0,0
1299,1043,2,2.0,1,1,1,0,0,0,0,0,0,1,0,1,0,0,0
1140,710,1,1.0,1,1,1,0,0,0,0,0,0,1,0,1,0,0,0
1065,790,1,1.0,1,1,1,1,0,0,0,0,0,1,0,1,0,0,0
1250,960,2,2.0,1,1,1,0,0,0,0,0,0,1,0,1,0,0,0
1150,841,2,2.0,1,1,1,0,0,0,0,0,0,1,0,1,0,0,0
1453,1006,2,2.0,1,1,1,0,0,0,0,0,0,1,0,1,0,0,0
1157,1152,2,2.0,1,1,1,0,0,0,0,0,0,1,0,1,0,0,0
1050,680,1,1.0,0,0,1,0,0,0,0,1,0,0,0,0,0,0,0
1067,942,2,2.0,1,1,1,0,0,0,0,0,0,1,0,1,0,0,0
1070,814,1,1.0,0,0,1,0,0,0,0,1,0,0,0,0,0,0,0
1054,670,1,1.0,1,1,1,0,0,0,0,1,0,0,0,0,0,0,0
951,800,1,1.0,1,1,1,0,0,0,0,0,0,1,0,1,0,0,0
1085,731,1,1.0,1,1,1,0,0,0,0,0,0,1,0,1,0,0,0
1227,961,2,2.0,1,1,1,0,0,0,0,1,0,0,0,0,0,0,0
1049,670,1,1.0,1,1,1,0,0,0,0,1,0,0,0,0,0,0,0
1385,1006,2,2.0,0,0,1,0,0,0,0,1,0,0,0,0,0,0,0
1178,676,1,1.0,1,1,1,0,0,0,0,0,0,1,1,0,0,0,0
1475,1218,2,2.0,1,1,0,0,0,0,0,0,0,1,0,0,1,0,0
960,703,2,1.0,1,1,0,1,0,1,0,0,0,1,0,0,1,0,0
1085,1325,2,2.0,1,1,1,0,0,0,0,0,0,1,0,1,0,0,0
1000,812,1,1.0,1,1,1,0,0,0,0,0,0,1,0,0,1,0,0
1085,731,1,1.0,1,1,1,0,0,0,0,0,0,1,0,0,0,0,0
1325,828,1,1.0,1,1,1,1,0,0,0,0,0,1,1,0,0,0,0
1438,1006,2,2.0,0,0,1,0,0,0,0,1,0,0,0,0,0,0,0
1000,876,3,1.0,1,1,1,0,0,0,1,0,0,0,0,1,0,0,0
1010,684,1,1.0,1,1,1,0,0,0,0,0,0,1,0,1,0,0,0
955,900,2,2.0,1,1,1,0,0,0,1,0,0,0,0,0,0,1,0
1370,778,2,1.0,1,1,1,0,0,0,0,0,0,1,0,1,0,0,0
979,864,2,2.0,1,1,1,0,0,0,1,0,0,0,0,1,0,0,0
795,491,0,1.0,1,1,1,0,0,0,0,0,0,1,0,0,0,1,0
1055,602,1,1.0,0,0,1,0,0,0,0,0,0,1,0,1,0,0,0
2750,650,1,1.0,1,1,0,0,0,1,0,1,0,0,0,0,0,0,0
1282,988,2,2.0,1,1,1,0,0,0,0,1,0,0,0,0,0,0,0
870,570,1,1.0,0,0,1,0,0,0,0,1,0,0,0,0,0,0,0
1059,660,1,1.0,1,1,1,0,0,0,0,1,0,0,0,0,0,0,0
1305,948,2,2.0,1,1,1,0,0,0,0,0,0,1,0,1,0,0,0
1255,1200,3,2.0,1,1,0,0,0,0,0,0,0,1,0,1,0,0,0
790,540,1,1.0,1,1,1,0,0,0,1,0,0,0,0,0,0,0,0
1000,876,3,1.0,1,1,1,0,0,0,1,0,0,0,0,1,0,0,0
825,767,2,1.0,1,1,1,0,0,0,1,0,0,0,0,1,0,0,0
1605,1107,3,2.0,1,1,1,0,0,0,0,1,0,0,0,0,0,0,0
1139,570,1,1.0,0,0,1,0,0,0,0,0,0,1,0,1,0,0,0
1380,1058,2,2.0,1,1,0,0,0,0,0,0,0,1,0,1,0,0,0
1075,965,2,2.0,1,1,1,0,0,0,0,0,0,1,0,1,0,0,0
940,675,1,1.0,1,1,1,0,0,0,0,0,0,1,0,1,0,0,0
1000,876,3,1.0,1,1,1,0,0,0,1,0,0,0,0,1,0,0,0
1227,882,1,1.0,1,1,1,0,0,0,0,0,0,1,0,1,0,0,0
1065,790,1,1.0,1,1,1,1,0,0,0,0,0,1,0,1,0,0,0
1276,1003,2,2.0,1,1,0,0,0,0,0,1,0,0,0,0,0,0,0
899,720,2,1.0,1,1,1,0,0,0,0,0,0,1,0,1,0,0,0
1353,997,2,2.0,1,1,1,0,0,0,0,0,0,1,0,1,0,0,0
1225,940,2,2.0,1,1,1,0,0,0,0,0,0,1,0,1,0,0,0
1155,625,1,1.0,1,1,1,0,0,0,0,0,0,1,0,1,0,0,0
825,767,2,1.0,1,1,1,0,0,0,1,0,0,0,0,1,0,0,0
1115,857,2,2.0,1,1,1,0,0,0,0,0,0,1,0,1,0,0,0
940,675,1,1.0,1,1,1,0,0,0,0,0,0,1,0,1,0,0,0
1089,660,1,1.0,1,1,1,0,0,0,0,1,0,0,0,0,0,0,0
1387,961,2,2.0,1,1,1,0,0,0,0,1,0,0,0,0,0,0,0
1699,1244,3,2.0,0,0,1,0,0,0,0,1,0,0,0,0,0,0,0
850,600,1,1.0,1,1,1,0,0,0,1,0,0,0,0,0,0,1,0
1035,683,1,1.0,0,0,1,0,0,0,0,1,0,0,0,0,0,0,0
1150,1040,2,2.0,1,1,1,0,0,0,0,0,0,1,0,1,0,0,0
1225,940,2,2.0,1,1,1,0,0,0,0,0,0,1,0,1,0,0,0
940,675,1,1.0,1,1,1,0,0,0,0,0,0,1,0,1,0,0,0
1226,996,2,2.0,1,1,0,1,0,0,0,0,0,1,0,1,0,0,0
1441,960,2,0.0,1,1,1,0,0,0,0,1,0,0,0,0,0,0,0
905,672,1,1.0,1,1,1,0,0,0,1,0,0,0,0,1,0,0,0
1065,1009,2,2.0,1,1,1,0,0,0,0,0,0,1,0,1,0,0,0
1225,940,2,2.0,1,1,1,0,0,0,0,0,0,1,0,1,0,0,0
1000,876,3,1.0,1,1,1,0,0,0,1,0,0,0,0,1,0,0,0
1599,978,2,2.0,0,0,1,0,0,0,0,1,0,0,0,0,0,0,0
1049,600,1,1.0,0,0,1,0,0,0,0,1,0,0,0,0,0,0,0
1175,730,1,1.0,1,1,1,0,0,0,0,0,0,1,0,1,0,0,0
1438,1006,2,2.0,1,1,1,0,0,0,0,0,0,1,0,1,0,0,0
1275,772,1,1.0,1,1,1,1,0,0,0,0,0,1,0,0,0,0,0
955,900,2,2.0,1,1,1,0,0,0,1,0,0,0,0,0,0,1,0
870,570,1,1.0,1,1,1,0,0,0,1,0,0,0,0,1,0,0,0
1040,1068,2,2.0,1,1,1,0,0,0,0,0,0,1,0,1,0,0,0
1310,1000,2,2.0,1,1,1,0,0,0,0,0,0,1,0,0,0,0,0
1535,1048,2,2.0,0,0,1,0,0,0,0,1,0,0,0,0,0,0,0
1333,728,1,1.0,1,1,1,0,0,0,0,0,0,1,1,0,0,0,0
1270,880,2,2.0,1,1,1,0,0,0,0,0,0,1,0,1,0,0,0
1339,965,2,2.0,0,0,1,0,0,0,0,1,0,0,0,0,0,0,0
2995,1196,3,2.0,1,1,1,1,1,0,0,0,0,1,1,0,0,0,0
2320,1300,2,2.0,0,0,1,0,0,0,0,0,0,1,1,0,0,0,0
850,600,1,1.0,1,1,1,0,0,0,1,0,0,0,0,0,0,1,0
1335,1077,2,2.0,1,1,1,0,0,0,0,0,0,1,0,1,0,0,0
1359,1067,2,2.0,0,0,1,0,0,0,0,1,0,0,0,0,0,0,0
1340,983,2,2.0,0,0,1,0,0,0,0,1,0,0,0,0,0,0,0
917,436,0,1.0,0,0,1,0,0,0,0,1,0,0,0,0,0,0,0
933,550,1,1.0,1,1,1,0,0,0,0,1,0,0,0,0,0,0,0
1384,1167,2,2.0,1,1,0,0,0,0,0,0,0,1,0,1,0,0,0
1605,1201,3,2.0,1,1,1,0,0,0,0,0,0,1,0,1,0,0,0
1308,958,2,2.0,1,1,1,0,0,0,0,0,0,1,0,1,0,0,0
1160,754,1,1.0,1,1,1,0,0,0,0,0,0,1,0,1,0,0,0
1043,732,1,1.0,0,0,1,0,0,0,0,1,0,0,0,0,0,0,0
915,550,1,1.0,0,0,1,0,0,0,0,1,0,0,0,0,0,0,0
1334,1062,2,2.0,0,0,1,0,0,0,0,0,0,1,0,1,0,0,0
1176,746,1,1.0,0,0,1,0,0,0,0,1,0,0,0,0,0,0,0
1230,1076,3,2.0,1,1,0,0,0,0,0,0,0,1,0,1,0,0,0
1200,728,1,1.0,1,1,1,1,0,0,0,0,0,1,0,1,0,0,0
1295,861,2,2.0,1,1,1,0,0,0,0,0,0,1,0,0,0,0,0
1320,1000,2,2.0,0,0,1,0,0,0,0,1,0,0,0,0,0,0,0
1347,686,1,1.0,1,1,1,0,0,0,0,0,0,1,1,0,0,0,0
790,672,1,1.0,1,1,1,0,0,0,1,0,0,0,0,1,0,0,0
1658,1205,2,2.0,1,1,1,0,0,0,0,0,0,1,0,0,0,0,0
804,579,1,1.0,0,0,1,0,0,0,0,1,0,0,0,0,0,0,0
1264,856,1,1.0,1,1,1,0,0,0,0,0,0,1,0,0,0,0,0
1180,755,2,1.0,1,1,0,0,0,0,1,0,0,0,0,1,0,0,0
1605,1399,3,2.0,1,1,1,0,0,0,0,0,0,1,0,1,0,0,0
1598,1239,3,2.0,0,0,1,0,0,0,0,1,0,0,0,0,0,0,0
1369,1078,2,2.0,0,0,1,0,0,0,0,1,0,0,0,0,0,0,0
1050,1014,2,2.0,1,1,1,0,0,0,0,0,0,1,0,1,0,0,0
1370,1037,2,2.0,1,1,0,0,0,0,0,1,0,0,0,0,0,0,0
1374,1078,2,2.0,0,0,1,0,0,0,0,1,0,0,0,0,0,0,0
1250,1000,2,2.0,1,1,1,0,0,0,1,0,0,0,0,1,0,0,0
1359,1078,2,2.0,0,0,1,0,0,0,0,1,0,0,0,0,0,0,0
1400,1180,2,2.0,1,1,1,0,0,0,0,0,0,1,0,1,0,0,0
990,640,1,1.0,1,1,1,0,0,0,0,0,0,1,0,1,0,0,0
1095,1385,2,2.0,1,1,1,0,0,0,0,0,0,1,0,1,0,0,0
1555,1110,3,2.0,1,1,1,0,0,0,0,0,0,1,0,1,0,0,0
975,926,2,2.0,0,0,1,0,0,0,0,1,0,0,0,0,0,0,0
1025,580,1,1.0,1,1,1,0,0,0,1,0,0,0,0,1,0,0,0
850,624,1,1.0,1,1,1,0,0,0,0,0,0,1,0,1,0,0,0
1107,852,1,1.0,0,0,1,0,0,0,0,1,0,0,0,0,0,0,0
875,900,2,1.0,0,0,1,0,0,0,0,1,0,0,0,0,0,0,0
1534,1248,3,2.0,1,1,1,0,0,0,0,0,0,1,0,1,0,0,0
2200,2065,3,2.0,0,0,1,0,0,0,0,1,0,0,0,0,0,0,0
1329,911,2,2.0,1,1,1,0,0,0,0,0,0,1,0,0,0,0,0
1309,727,2,1.0,1,1,1,0,0,0,1,0,0,0,0,0,0,0,0
1290,796,1,1.0,1,1,1,0,0,0,0,0,0,1,0,1,0,0,0
1098,870,2,2.0,0,0,1,0,0,0,0,1,0,0,0,0,0,0,0
1065,893,2,2.0,1,1,1,0,0,0,0,0,0,1,0,1,0,0,0
1381,1183,3,2.0,1,1,1,0,0,0,0,0,0,1,0,1,0,0,0
268,300,0,1.0,1,1,0,1,0,1,1,0,0,0,0,0,0,1,0
1233,999,2,2.0,0,0,1,0,0,0,0,1,0,0,0,0,0,0,0
1130,1049,2,2.0,1,1,1,0,0,0,0,0,0,1,0,1,0,0,0
1111,560,1,1.0,1,1,1,0,0,0,0,0,0,1,0,1,0,0,0
1103,998,2,2.0,1,1,1,0,0,0,0,0,0,1,0,1,0,0,0
1196,715,1,1.0,1,1,1,0,0,0,0,0,0,1,0,1,0,0,0
775,550,1,1.0,1,1,1,1,0,0,1,0,0,0,0,1,0,0,0
1304,937,2,2.0,1,1,1,1,0,0,0,0,0,1,0,0,0,0,0
1893,1322,3,2.0,1,1,1,0,0,0,0,0,0,1,0,0,0,0,0
1390,1385,3,2.0,1,1,1,0,0,0,0,0,0,1,0,1,0,0,0
1004,707,1,1.0,1,1,1,0,0,0,0,0,0,1,0,1,0,0,0
1190,1198,2,2.0,1,1,1,0,0,0,0,0,0,1,0,1,0,0,0
1372,700,1,1.0,0,0,1,0,0,0,0,0,0,1,0,1,0,0,0
1300,950,1,1.0,1,1,1,0,0,0,0,0,0,1,0,1,0,0,0
1533,1322,2,2.0,1,1,1,0,0,0,0,0,0,1,0,1,0,0,0
1290,1006,2,2.0,1,1,1,0,0,0,1,0,0,0,0,1,0,0,0
1315,704,1,1.0,1,1,1,1,0,0,0,0,0,1,1,0,0,0,0
1994,1182,3,2.0,1,1,1,0,0,0,1,0,0,0,0,0,1,0,0
1381,900,2,2.0,0,0,1,0,0,0,0,0,0,1,0,1,0,0,0
1358,1076,2,2.0,1,1,1,0,0,0,0,0,0,1,0,0,0,0,0
920,853,2,1.0,1,1,1,0,0,0,0,1,0,0,0,0,0,0,0
1102,783,1,1.0,1,1,1,0,0,0,0,0,0,1,0,1,0,0,0
795,491,1,1.0,1,1,1,0,0,0,0,1,0,0,0,0,0,0,0
695,475,0,1.0,1,1,1,0,0,0,0,1,0,0,0,0,0,0,0
1688,1026,2,2.0,1,1,1,0,0,0,0,0,0,1,0,1,0,0,0
1437,1077,2,2.0,1,1,1,1,0,0,0,0,0,1,1,0,0,0,0
875,636,2,1.0,1,1,1,0,0,0,0,1,0,0,0,0,0,0,0
1242,821,0,1.0,1,1,1,0,0,0,0,0,0,1,0,0,0,1,0
1130,795,1,1.0,1,1,1,1,0,0,0,0,0,1,0,1,0,0,0
1308,980,2,2.0,0,0,1,0,0,0,0,1,0,0,0,0,0,0,0
1345,698,1,1.0,1,1,1,0,0,0,0,0,0,1,0,0,1,0,0
1092,700,1,1.0,0,0,1,0,0,0,0,0,0,1,0,1,0,0,0
915,630,1,1.0,1,1,1,0,0,0,1,0,0,0,0,1,0,0,0
1214,758,1,1.0,1,1,1,1,0,0,0,0,0,1,1,0,0,0,0
2450,1100,2,2.0,1,1,1,0,0,0,0,0,0,1,0,0,1,0,0
925,475,0,1.0,1,1,1,0,0,0,1,0,0,0,0,1,0,0,0
1304,937,2,2.0,1,1,1,1,0,0,0,0,0,1,0,0,0,0,0
1139,570,1,1.0,0,0,1,0,0,0,0,0,0,1,0,1,0,0,0
2195,1374,3,2.0,1,1,1,0,1,0,0,0,0,1,0,0,1,0,0
647,1159,2,2.0,0,0,1,0,0,0,0,0,0,1,0,1,0,0,0
1589,1293,3,2.0,0,0,1,0,0,0,0,1,0,0,0,0,0,0,0
2222,1345,3,2.0,1,1,1,0,0,0,0,0,0,1,1,0,0,0,0
802,625,1,1.0,1,1,1,0,0,0,0,0,0,1,0,1,0,0,0
1043,810,2,2.0,0,0,1,0,0,0,0,1,0,0,0,0,0,0,0
1025,580,1,1.0,1,1,1,0,0,0,1,0,0,0,0,1,0,0,0
1744,830,1,1.5,1,1,1,0,0,0,0,0,0,1,0,0,1,0,0
830,336,0,1.0,0,0,1,0,0,0,0,1,0,0,0,0,0,0,0
1225,1068,2,2.0,1,1,1,0,0,0,0,0,0,1,0,1,0,0,0
1245,635,1,1.0,0,0,1,0,0,0,0,1,0,0,0,0,0,0,0
1658,1205,2,2.0,1,1,1,0,0,0,0,0,0,1,0,0,0,0,0
1205,925,2,1.0,0,0,1,0,0,0,0,1,0,0,0,0,0,0,0
975,707,1,1.0,1,1,1,0,0,0,0,0,0,1,0,1,0,0,0
1815,1378,3,2.0,1,1,1,0,0,0,0,0,0,1,0,0,1,0,0
1490,1100,2,2.0,1,1,1,0,0,0,0,0,0,1,0,1,0,0,0
1200,708,1,1.0,1,1,1,0,0,0,0,0,0,1,0,1,0,0,0
1131,810,1,1.0,1,1,1,0,0,0,0,0,0,1,0,1,0,0,0
1530,1107,3,2.0,1,1,1,0,0,0,0,1,0,0,0,0,0,0,0
885,650,1,1.0,0,0,1,0,0,0,0,1,0,0,0,0,0,0,0
1229,1137,2,2.0,0,0,1,0,0,0,0,1,0,0,0,0,0,0,0
1209,900,2,2.0,0,0,1,0,0,0,0,1,0,0,0,0,0,0,0
1040,1068,2,2.0,1,1,1,0,0,0,0,0,0,1,0,1,0,0,0
855,456,1,1.0,0,0,1,0,0,0,0,1,0,0,0,0,0,0,0
905,650,1,1.0,1,1,1,0,0,0,0,0,0,1,0,1,0,0,0
1510,1213,2,2.0,1,1,1,0,0,0,0,0,0,1,1,0,0,0,0
1357,1197,2,2.0,1,1,1,0,0,0,0,0,0,1,0,1,0,0,0
1625,1421,3,2.0,0,0,1,0,0,0,0,1,0,0,0,0,0,0,0
1677,1069,3,2.0,1,1,1,0,0,0,0,0,0,1,0,0,1,0,0
1579,1087,2,2.0,1,0,1,0,0,0,0,0,0,1,0,1,0,0,0
1215,708,1,1.0,1,1,1,0,0,0,0,0,0,1,0,1,0,0,0
1180,921,2,2.0,1,1,1,0,0,0,1,0,0,0,0,1,0,0,0
1065,1100,2,2.0,1,1,1,0,0,0,0,0,0,1,0,1,0,0,0
1035,550,1,1.0,1,1,1,0,0,0,0,1,0,0,0,0,0,0,0
1250,1123,2,2.0,1,1,0,0,0,0,0,0,0,1,0,1,0,0,0
1120,865,2,2.0,1,1,1,0,0,0,1,0,0,0,0,1,0,0,0
985,695,1,1.0,1,1,1,0,0,0,0,0,0,1,0,1,0,0,0
1310,1000,2,2.0,1,1,1,0,0,0,0,0,0,1,0,0,0,0,0
2110,1353,3,2.0,1,1,0,0,0,0,0,0,0,1,0,1,0,0,0
1485,1263,2,2.5,1,1,1,0,0,0,0,0,0,1,1,0,0,0,0
1981,773,1,1.0,1,1,1,0,0,0,0,0,0,1,0,0,1,0,0
1054,800,2,2.0,1,1,1,0,0,0,0,0,0,1,0,1,0,0,0
1050,895,1,1.5,1,1,1,0,0,0,0,0,0,1,0,0,0,0,0
1444,1040,2,1.0,1,1,1,0,0,0,0,0,0,1,1,0,0,0,0
1268,940,1,1.0,1,1,1,0,0,0,0,0,0,1,1,0,0,0,0
920,428,1,1.0,1,1,0,0,0,0,1,0,0,0,0,0,0,0,0
1500,1100,2,2.0,1,1,1,0,0,0,0,0,0,1,0,1,0,0,0
1465,1314,2,2.5,1,1,1,0,0,0,0,0,0,1,0,1,0,0,0
925,670,1,1.0,0,0,1,0,0,0,0,1,0,0,0,0,0,0,0
905,660,1,1.0,0,0,1,0,0,0,0,1,0,0,0,0,0,0,0
1285,858,1,1.0,1,1,1,0,0,0,0,0,0,1,0,1,0,0,0
1388,988,2,2.0,1,1,1,0,0,0,0,0,0,1,0,0,0,0,0
1475,961,1,1.0,1,0,0,0,0,0,0,1,0,0,0,1,0,0,0
2571,1230,2,2.0,1,1,1,0,0,0,0,0,0,1,0,0,1,0,0
1163,938,2,2.0,1,1,1,1,0,1,0,0,0,1,0,0,0,0,0
1699,1481,3,2.0,1,1,1,0,0,0,0,0,0,1,0,1,0,0,0
1530,1352,3,2.0,1,1,1,0,0,0,0,0,0,1,0,0,0,0,0
2345,1344,3,2.0,1,1,1,0,0,0,0,0,0,1,1,0,0,0,0
1355,635,1,1.0,1,1,1,0,0,0,0,0,0,1,0,1,0,0,0
915,658,1,1.0,1,1,1,0,0,0,0,0,0,1,0,1,0,0,0
1085,1000,2,1.0,1,1,1,0,0,0,0,0,0,1,0,1,0,0,0
1810,1156,2,2.0,1,1,1,0,0,0,0,0,0,1,0,1,0,0,0
1655,855,1,1.0,1,1,1,0,0,0,0,0,0,1,1,0,0,0,0
2288,1345,3,2.0,1,1,1,0,0,0,0,0,0,1,0,1,0,0,0
1184,783,1,1.0,1,1,1,0,0,0,0,0,0,1,0,1,0,0,0
1050,1096,3,1.5,1,1,1,0,0,0,1,0,0,0,0,0,0,0,0
1405,635,1,1.0,1,1,1,0,0,0,0,0,0,1,0,1,0,0,0
1780,855,1,1.0,1,1,1,0,0,0,0,0,0,1,1,0,0,0,0
1330,818,2,2.0,1,1,0,0,0,0,1,0,0,0,0,1,0,0,0
1260,996,2,2.0,1,1,0,0,0,0,0,0,0,1,0,1,0,0,0
1310,1000,2,2.0,1,1,1,0,0,0,0,0,0,1,0,1,0,0,0
1599,1221,2,2.0,1,1,1,0,0,0,0,0,0,1,1,0,0,0,0
905,660,1,1.0,1,1,1,0,0,0,1,0,0,0,0,1,0,0,0
1310,915,2,1.0,1,1,1,0,0,0,0,0,0,1,0,0,0,1,0
1065,840,2,1.0,0,0,1,0,0,0,0,0,0,1,0,0,0,0,0
269,395,1,1.0,1,1,1,0,0,1,1,0,0,0,0,0,0,1,0
1792,1469,3,2.0,1,1,1,0,0,0,0,0,0,1,0,1,0,0,0
1240,930,2,1.0,1,1,1,0,0,0,0,0,0,1,0,1,0,0,0
980,900,2,2.0,1,1,1,0,0,0,0,0,0,1,0,1,0,0,0
1050,895,1,1.5,1,1,1,0,0,0,0,0,0,1,0,0,0,0,0
1355,635,1,1.0,1,1,1,0,0,0,0,0,0,1,0,1,0,0,0
1000,864,2,1.0,1,1,1,0,0,0,0,0,0,1,0,1,0,0,0
1204,952,2,2.0,1,1,1,0,0,0,1,0,0,0,0,1,0,0,0
1169,381,0,1.0,0,0,0,0,0,0,0,1,0,0,0,0,0,0,0
1630,1221,2,2.0,1,1,1,0,0,0,0,0,0,1,1,0,0,0,0
1349,588,0,1.0,1,1,1,0,0,0,0,0,0,1,0,0,1,0,0
1178,676,1,1.0,1,1,1,0,0,0,0,0,0,1,1,0,0,0,0
1237,975,2,2.0,0,0,1,0,0,0,0,1,0,0,0,0,0,0,0
1050,800,1,1.0,1,1,1,0,0,0,0,0,0,1,0,1,0,0,0
1250,1250,3,2.0,0,0,1,0,0,0,0,1,0,0,0,0,0,0,0
935,720,1,1.0,0,0,1,0,0,0,0,0,0,1,0,0,0,0,0
1050,800,1,1.0,1,1,1,0,0,0,0,0,0,1,0,1,0,0,0
925,525,1,1.0,1,1,0,0,0,0,0,0,0,1,0,1,0,0,0
1335,693,1,1.0,1,1,0,1,0,0,0,0,0,1,0,0,0,0,0
904,600,1,1.0,1,1,1,0,0,0,0,0,0,1,0,1,0,0,0
1262,707,1,1.0,1,1,1,0,0,0,0,0,0,1,0,1,0,0,0
1089,920,2,2.0,0,0,1,0,0,0,0,1,0,0,0,0,0,0,0
1050,800,1,1.0,1,1,1,0,0,0,0,0,0,1,0,1,0,0,0
1065,893,2,2.0,1,1,1,0,0,0,0,0,0,1,0,1,0,0,0
1050,800,1,1.0,1,1,1,0,0,0,0,0,1,0,0,1,0,0,0
1085,1365,2,2.0,1,1,1,0,0,0,0,0,0,1,0,1,0,0,0
679,240,0,1.0,0,0,1,0,0,0,0,1,0,0,0,0,0,0,0
1120,950,2,2.0,0,0,1,0,0,0,1,0,0,0,0,0,0,0,0
1022,1022,2,2.0,1,1,1,0,0,0,0,0,0,1,0,1,0,0,0
1451,978,2,2.0,1,1,1,0,0,0,1,0,0,0,0,0,1,0,0
1195,840,2,1.0,0,0,1,0,0,0,0,1,0,0,0,0,0,0,0
940,730,1,1.0,1,1,1,0,0,0,0,0,0,1,0,1,0,0,0
1345,698,1,1.0,1,1,1,0,0,0,0,0,0,1,0,0,1,0,0
1140,1107,2,2.0,0,0,1,0,0,0,0,1,0,0,0,0,0,0,0
1105,605,1,1.0,1,1,0,0,0,0,0,0,0,1,0,0,0,0,0
1377,1167,2,2.0,0,0,1,0,0,0,0,1,0,0,0,0,0,0,0
1293,1060,2,2.0,1,1,0,0,0,0,0,0,0,1,0,1,0,0,0
1185,688,1,1.0,1,1,1,0,0,0,0,0,0,1,0,1,0,0,0
1488,1109,2,2.0,1,1,1,0,0,0,0,1,0,0,0,0,0,0,0
1520,1063,2,2.0,1,1,1,0,0,0,0,0,0,1,0,1,0,0,0
1588,1147,3,2.0,1,1,1,0,0,0,0,0,0,1,0,1,0,0,0
1205,840,2,1.0,1,1,1,0,0,0,1,0,0,0,0,1,0,0,0
1075,895,2,2.0,1,1,1,0,0,0,1,0,0,0,0,1,0,0,0
2657,1374,3,2.0,1,1,1,0,0,0,0,0,0,1,0,1,0,0,0
1391,882,2,2.0,1,1,1,0,0,0,0,0,0,1,0,0,1,0,0
1175,960,2,2.0,1,1,1,0,0,0,0,0,0,1,0,0,0,0,0
1200,803,1,1.0,1,1,1,0,0,0,0,0,0,1,0,0,1,0,0
1128,908,1,1.0,1,1,1,0,0,0,0,0,0,1,0,0,0,0,0
1270,893,2,1.0,1,1,1,0,0,0,0,0,0,1,0,0,1,0,0
1225,1068,2,2.0,1,1,1,0,0,0,0,0,0,1,0,1,0,0,0
1160,850,2,1.5,0,0,1,0,0,0,0,1,0,0,0,0,0,0,0
1075,895,2,2.0,1,1,1,0,0,0,1,0,0,0,0,1,0,0,0
1330,1147,2,2.0,1,1,1,0,0,0,0,0,0,1,0,0,1,0,0
899,825,2,1.0,1,1,1,0,0,0,1,0,0,0,0,0,0,0,0
875,580,0,1.0,1,1,1,0,0,0,1,0,0,0,0,1,0,0,0
1035,580,1,1.0,1,1,1,0,0,0,1,0,0,0,0,1,0,0,0
1195,840,2,1.0,0,0,1,0,0,0,0,1,0,0,0,0,0,0,0
975,780,1,1.0,1,1,1,0,0,0,1,0,0,0,0,1,0,0,0
278,300,0,1.0,1,1,0,0,0,1,1,0,0,0,0,0,0,0,0
1034,771,2,1.0,1,1,1,0,0,0,1,0,0,0,0,0,0,1,0
1385,765,1,1.0,1,1,1,0,0,0,0,0,0,1,0,1,0,0,0
1075,895,2,2.0,1,1,1,0,0,0,1,0,0,0,0,1,0,0,0
1599,978,2,2.0,0,0,1,0,0,0,0,1,0,0,0,0,0,0,0
1075,895,2,2.0,1,1,1,0,0,0,1,0,0,0,0,1,0,0,0
269,395,1,1.0,0,0,1,0,0,0,1,0,0,0,0,0,0,1,0
795,491,0,1.0,1,1,1,0,0,0,0,0,0,1,0,0,0,1,0
1075,895,2,2.0,1,1,1,0,0,0,1,0,0,0,0,1,0,0,0
1067,660,1,1.0,1,1,1,0,0,0,0,1,0,0,0,0,0,0,0
1181,746,1,1.0,0,0,1,0,0,0,0,1,0,0,0,0,0,0,0
1200,735,1,1.0,1,1,1,0,0,0,0,0,0,1,0,1,0,0,0
945,702,1,1.0,1,1,1,0,0,0,0,0,0,1,0,1,0,0,0
1140,900,2,2.0,1,1,1,0,0,0,0,0,0,1,0,1,0,0,0
899,612,1,1.0,1,1,1,0,0,0,0,0,0,1,0,0,0,0,0
1994,1182,3,2.0,1,1,1,0,0,0,1,0,0,0,0,0,1,0,0
1287,765,1,1.0,0,0,1,0,0,0,0,1,0,0,0,0,0,0,0
1381,1183,3,2.0,0,0,1,0,0,0,0,1,0,0,0,0,0,0,0
1195,940,1,1.0,0,0,1,0,0,0,0,1,0,0,0,0,0,0,0
900,750,1,1.0,1,1,1,0,0,0,0,0,0,1,0,1,0,0,0
980,604,1,1.0,1,1,1,0,0,0,0,0,0,1,0,1,0,0,0
900,760,2,1.0,1,1,1,1,0,0,0,0,0,1,0,0,0,0,0
1035,720,1,1.0,0,0,1,0,0,0,0,1,0,0,0,0,0,0,0
792,418,0,1.0,0,0,1,0,0,0,0,1,0,0,0,0,0,0,0
1205,970,2,2.0,1,1,1,0,0,0,0,0,0,1,0,1,0,0,0
950,819,2,1.0,1,1,1,0,0,0,0,0,0,1,0,1,0,0,0
1250,960,2,2.0,1,1,1,0,0,0,0,0,0,1,0,1,0,0,0
1190,1198,2,2.0,1,1,1,0,0,0,0,0,0,1,0,1,0,0,0
1127,850,1,1.5,1,1,1,0,0,0,0,0,0,1,0,1,0,0,0
1150,1040,2,2.0,1,1,1,0,0,0,0,0,0,1,0,1,0,0,0
725,800,1,0.0,0,0,1,0,0,0,0,1,0,0,0,0,0,0,0
1390,1385,3,2.0,1,1,1,0,0,0,0,0,0,1,0,1,0,0,0
999,700,1,1.0,1,1,1,0,0,0,0,1,0,0,0,1,0,0,0
1025,780,2,1.0,1,1,1,0,0,0,0,0,0,1,0,1,0,0,0
1190,1198,2,2.0,1,1,1,0,0,0,0,0,0,1,0,1,0,0,0
1495,1146,3,2.0,1,1,1,0,0,0,0,1,0,0,0,0,0,0,0
1329,911,2,2.0,1,1,1,0,0,0,0,0,0,1,0,0,0,0,0
840,525,1,1.0,1,1,1,0,0,0,1,0,0,0,0,1,0,0,0
1043,810,2,2.0,0,0,1,0,0,0,0,1,0,0,0,0,0,0,0
1390,1385,3,2.0,1,1,1,0,0,0,0,0,0,1,0,1,0,0,0
1301,1003,2,2.0,1,1,0,0,0,0,0,1,0,0,0,0,0,0,0
1115,1144,2,2.0,1,1,1,0,0,0,0,0,0,1,0,1,0,0,0
1094,605,1,1.0,1,1,1,0,0,0,1,0,0,0,0,1,0,0,0
1585,1063,2,2.0,1,1,1,0,0,0,0,0,0,1,0,1,0,0,0
1411,1168,2,2.0,1,1,0,0,0,0,0,0,0,1,0,1,0,0,0
1355,1088,2,1.0,1,1,1,0,0,0,0,0,0,1,0,1,0,0,0
1545,1268,3,2.0,1,1,1,0,0,0,0,0,0,1,0,1,0,0,0
1327,1204,3,2.0,1,1,0,1,0,0,0,0,0,1,0,1,0,0,0
268,300,0,1.0,1,1,0,0,0,1,1,0,0,0,0,0,0,0,0
846,408,0,1.0,1,1,1,0,0,0,0,0,0,1,0,1,0,0,0
1190,1198,2,2.0,1,1,1,0,0,0,0,0,0,1,0,1,0,0,0
1344,943,2,1.5,1,1,1,0,0,0,0,0,0,1,0,0,0,0,0
1035,600,1,1.0,1,1,0,0,0,0,1,0,0,0,0,0,0,1,0
1400,900,2,2.0,0,0,1,0,0,0,0,0,0,1,0,0,0,1,0
1,1252,2,1.5,1,1,1,0,0,0,0,0,0,1,0,0,0,0,0
900,950,2,2.0,1,1,0,0,0,0,0,1,0,0,0,0,0,0,0
1418,1194,3,2.0,1,1,1,0,0,0,0,0,0,1,0,0,0,0,0
1249,802,1,1.0,1,1,0,0,0,0,0,0,0,1,0,0,1,0,0
1155,909,2,2.0,1,1,0,0,0,0,0,0,0,1,0,1,0,0,0
1310,1000,2,2.0,1,1,1,0,0,0,0,0,0,1,0,0,0,0,0
1115,857,2,2.0,1,1,1,0,0,0,0,0,0,1,0,1,0,0,0
1015,650,2,2.0,1,1,1,1,0,0,0,0,0,1,0,1,0,0,0
845,720,1,1.0,1,1,1,0,0,0,0,0,0,1,0,1,0,0,0
1785,1241,2,2.0,1,1,1,0,0,0,0,0,0,1,0,0,1,0,0
849,615,1,1.0,1,1,1,0,0,0,0,0,1,0,0,1,0,0,0
1254,1152,3,2.0,1,1,1,0,0,0,0,0,1,0,0,0,0,0,0
1122,838,2,1.0,1,1,1,0,0,0,0,0,0,1,0,1,0,0,0
1120,769,1,1.0,1,1,1,0,0,0,0,0,0,1,0,0,0,0,0
1372,1205,2,2.0,1,1,1,0,0,0,0,0,0,1,0,1,0,0,0
1050,838,2,1.0,1,1,1,0,0,0,0,0,0,1,0,1,0,0,0
1183,805,2,2.0,1,1,1,0,0,0,1,0,0,0,0,1,0,0,0
870,570,1,1.0,1,1,1,0,0,0,1,0,0,0,0,1,0,0,0
1230,1025,2,2.0,0,0,1,0,0,0,0,1,0,0,0,0,0,0,0
915,782,1,1.0,1,1,1,0,0,0,0,0,0,1,0,1,0,0,0
1000,738,1,1.0,1,1,1,0,0,0,0,0,0,1,0,1,0,0,0
1040,1068,2,2.0,1,1,1,0,0,0,0,0,0,1,0,1,0,0,0
955,608,1,1.0,1,1,1,0,0,0,0,0,0,1,0,1,0,0,0
1305,1025,1,1.5,0,0,1,0,0,0,0,1,0,0,0,0,0,0,0
1375,765,1,1.0,1,1,1,0,0,0,0,0,0,1,0,1,0,0,0
1062,600,1,1.0,0,0,1,0,0,0,0,1,0,0,0,0,0,0,0
1050,800,1,1.0,1,1,1,0,0,0,0,0,0,1,0,1,0,0,0
740,459,1,1.0,1,1,1,0,0,0,0,0,0,0,0,1,0,0,0
1090,756,2,1.0,0,0,1,0,0,0,0,0,0,1,0,1,0,0,0
1500,984,2,2.0,1,1,1,1,0,0,0,0,0,1,1,0,0,0,0
890,782,1,1.0,1,1,1,0,0,0,0,0,0,1,0,1,0,0,0
1503,1450,3,2.0,1,1,1,0,0,0,0,0,0,1,0,1,0,0,0
1282,988,2,2.0,1,1,1,0,0,0,0,1,0,0,0,0,0,0,0
850,624,1,1.0,1,1,1,0,0,0,1,0,0,0,0,1,0,0,0
773,676,1,1.0,0,0,1,0,0,0,0,1,0,0,0,0,0,0,0
1280,1180,2,2.0,1,1,1,0,0,0,0,0,0,1,0,0,1,0,0
920,564,1,1.0,1,1,1,0,0,0,1,0,0,0,0,1,0,0,0
1299,1043,2,2.0,1,1,1,0,0,0,0,0,0,1,0,1,0,0,0
1000,785,2,1.0,1,1,1,1,0,0,0,1,0,0,0,1,0,0,0
1525,965,2,2.0,0,0,1,0,0,0,0,1,0,0,0,0,0,0,0
1354,765,1,1.0,1,1,1,0,0,0,0,0,0,1,0,1,0,0,0
1320,1063,2,2.0,1,1,1,1,0,0,0,0,0,1,0,1,0,0,0
494,1338,3,2.0,1,1,1,0,0,0,0,0,0,1,0,1,0,0,0
1030,858,2,2.0,1,1,1,0,0,0,0,0,0,1,0,1,0,0,0
920,729,1,1.0,1,1,1,0,0,0,0,0,0,1,0,1,0,0,0
920,689,1,1.0,1,1,1,0,0,0,0,0,0,1,0,1,0,0,0
1240,1004,2,2.0,1,1,1,0,0,0,0,0,0,1,0,1,0,0,0
1348,1032,2,2.0,0,0,1,0,0,0,0,1,0,0,0,0,0,0,0
760,400,0,1.0,1,1,1,0,0,0,1,0,0,0,0,1,0,0,0
1215,1004,2,2.0,1,1,1,0,0,0,0,0,0,1,0,1,0,0,0
269,395,1,1.0,1,1,1,0,0,1,1,0,0,0,0,0,0,1,0
1255,1125,2,2.0,1,1,1,0,0,0,0,0,0,1,0,1,0,0,0
1396,983,2,2.0,0,0,1,0,0,0,0,1,0,0,0,0,0,0,0
1040,980,2,2.0,1,1,0,0,0,0,0,0,0,1,0,1,0,0,0
1584,1000,2,2.0,0,0,1,0,0,0,0,1,0,0,0,0,0,0,0
825,789,2,1.0,1,1,1,0,0,0,1,0,0,0,0,0,0,0,0
1405,779,1,1.0,0,0,1,0,0,0,0,1,0,0,0,0,0,0,0
1249,910,1,1.0,1,1,1,0,0,0,0,0,0,1,0,0,1,0,0
1137,925,2,1.0,0,0,1,0,0,0,0,1,0,0,0,0,0,0,0
1166,902,2,2.0,1,1,1,0,0,0,0,0,0,1,0,1,0,0,0
1141,865,2,1.0,1,1,1,0,0,0,0,1,0,0,0,0,0,0,0
933,550,1,1.0,1,1,1,0,0,0,0,1,0,0,0,0,0,0,0
1070,817,2,1.0,1,1,1,0,0,0,0,0,0,1,0,1,0,0,0
880,678,1,1.0,1,1,1,0,0,0,1,0,0,0,0,1,0,0,0
1318,1152,2,2.0,0,0,1,0,0,0,0,1,0,0,0,0,0,0,0
795,539,1,1.0,1,1,1,0,0,0,1,0,0,0,0,1,0,0,0
1055,919,2,1.5,1,1,1,0,0,0,0,0,0,1,0,1,0,0,0
1175,874,2,1.0,1,1,1,0,0,0,0,0,0,1,0,1,0,0,0
1095,1395,2,2.0,1,1,1,0,0,0,0,0,0,1,0,1,0,0,0
2610,1652,2,2.0,1,1,1,0,0,0,0,0,0,1,1,0,0,0,0
1276,1003,2,2.0,1,1,0,0,0,0,0,1,0,0,0,0,0,0,0
1403,1180,2,2.0,1,1,1,0,0,0,0,0,0,1,0,1,0,0,0
720,579,1,1.0,0,0,1,0,0,0,0,1,0,0,0,0,0,0,0
1287,765,1,1.0,1,1,1,0,0,0,0,0,0,1,0,1,0,0,0
1290,1006,2,2.0,1,1,1,0,0,0,1,0,0,0,0,1,0,0,0
219,300,0,1.0,1,1,0,1,0,1,1,0,0,0,0,0,0,0,0
1248,938,2,2.0,1,1,1,1,0,0,0,0,0,1,0,0,0,0,0
1343,1152,2,2.0,1,1,1,0,0,0,0,0,0,1,0,1,0,0,0
1159,870,1,1.0,1,1,0,0,0,0,0,0,0,1,0,0,0,0,0
1300,685,1,1.0,1,1,1,0,0,0,0,0,0,1,0,0,0,0,0
725,590,1,1.0,0,0,1,0,0,0,0,1,0,0,0,0,0,0,0
1090,893,2,2.0,1,1,1,0,0,0,0,0,0,1,0,1,0,0,0
1019,964,2,2.0,1,1,1,0,0,0,0,0,0,1,0,1,0,0,0
1106,782,1,1.0,0,0,1,0,0,0,0,1,0,0,0,0,0,0,0
1040,1068,2,2.0,1,1,1,0,0,0,0,0,0,1,0,1,0,0,0
1259,1067,2,2.0,0,0,1,0,0,0,0,1,0,0,0,0,0,0,0
1400,1395,2,2.0,1,1,1,0,0,0,0,0,0,1,0,1,0,0,0
1381,1183,3,2.0,1,1,1,0,0,0,0,0,0,1,0,1,0,0,0
1145,726,1,1.0,1,1,0,0,0,0,0,1,0,0,0,0,0,0,0
1330,1022,2,2.0,1,1,1,1,0,0,0,0,0,1,0,1,0,0,0
1451,977,2,2.0,1,1,1,0,0,0,1,0,0,0,0,0,1,0,0
1335,693,1,1.0,1,1,0,1,0,0,0,0,0,1,0,0,0,0,0
1065,1100,2,2.0,1,1,1,0,0,0,0,0,0,1,0,1,0,0,0
1000,740,1,1.0,1,1,1,0,0,0,0,1,0,0,0,0,0,0,0
1150,961,2,2.0,1,1,1,0,0,0,0,0,0,1,0,1,0,0,0
1345,698,1,1.0,1,1,1,0,0,0,0,0,0,1,0,0,1,0,0
1072,825,1,1.0,0,0,1,0,0,0,0,1,0,0,0,0,0,0,0
1520,1063,2,2.0,1,1,1,0,0,0,0,0,0,1,0,1,0,0,0
825,765,1,1.0,1,1,1,1,0,0,0,0,0,1,0,1,0,0,0
1020,912,2,1.0,1,1,1,0,0,0,0,0,0,1,0,1,0,0,0
1266,1120,2,1.5,1,1,1,0,0,0,0,0,0,1,0,1,0,0,0
919,662,1,1.0,1,1,1,0,0,0,1,0,0,0,0,1,0,0,0
1025,570,1,1.0,1,1,1,0,0,0,0,0,0,1,0,1,0,0,0
1329,911,2,2.0,1,1,1,0,0,0,0,0,0,1,0,0,0,0,0
1615,1450,3,2.0,1,1,0,0,0,0,0,0,0,1,0,1,0,0,0
1144,525,1,1.0,1,1,1,0,0,0,0,0,0,1,0,1,0,0,0
1259,835,2,2.0,1,1,1,1,0,0,1,0,0,0,0,1,0,0,0
1190,952,2,2.0,1,1,1,0,0,0,0,0,0,1,0,1,0,0,0
1073,800,1,1.0,0,0,1,0,0,0,0,1,0,0,0,0,0,0,0
940,650,1,1.0,0,0,1,0,0,0,0,1,0,0,0,0,0,0,0
1100,720,1,1.0,1,1,1,0,0,0,1,0,0,0,0,1,0,0,0
960,703,2,1.0,1,1,0,1,0,0,0,0,0,1,0,0,1,0,0
1550,1419,3,2.0,1,1,1,0,0,0,0,0,0,1,0,0,0,0,0
1780,1194,2,2.0,1,1,1,0,0,0,0,0,0,1,0,0,0,0,0
679,240,0,1.0,0,0,1,0,0,0,0,1,0,0,0,0,0,0,0
1130,1088,3,2.0,1,1,1,0,0,0,1,0,0,0,0,1,0,0,0
1981,773,1,1.0,1,1,1,0,0,0,0,0,0,1,0,0,1,0,0
1505,916,1,1.0,1,1,1,0,0,0,0,0,0,1,0,1,0,0,0
849,470,0,1.0,0,0,1,0,0,0,0,1,0,0,0,0,0,0,0
1670,1550,4,2.0,1,1,1,0,0,0,0,0,0,1,0,0,0,1,0
1263,900,2,2.0,1,1,1,0,0,0,0,0,0,1,0,1,0,0,0
1170,797,1,1.0,1,1,1,0,0,0,0,0,0,1,0,1,0,0,0
1400,1000,1,1.0,1,1,1,0,0,0,1,0,0,0,0,0,0,0,0
1227,961,2,2.0,1,1,1,0,0,0,0,1,0,0,0,0,0,0,0
1005,700,1,1.0,0,0,1,0,0,0,0,1,0,0,0,0,0,0,0
1062,916,2,2.0,0,0,1,0,0,0,0,1,0,0,0,0,0,0,0
1430,894,1,1.0,1,1,0,0,0,0,0,0,0,1,1,0,0,0,0
1370,916,1,1.0,1,1,1,0,0,0,0,0,0,1,0,1,0,0,0
679,240,0,1.0,0,0,1,0,0,0,0,1,0,0,0,0,0,0,0
1040,1068,2,2.0,1,1,1,0,0,0,0,0,0,1,0,1,0,0,0
1388,988,2,2.0,1,1,1,0,0,0,0,0,0,1,0,0,0,0,0
1192,799,1,1.0,1,1,1,0,0,0,0,0,0,1,0,1,0,0,0
1610,1360,3,2.0,1,1,0,1,0,0,0,0,0,1,1,0,0,0,0
1610,1360,3,2.0,1,1,0,1,0,0,0,0,0,1,1,0,0,0,0
1610,1360,3,2.0,1,1,0,1,0,0,0,0,0,1,1,0,0,0,0
1030,580,1,1.0,1,1,1,0,0,0,1,0,0,0,0,1,0,0,0
923,550,0,1.0,1,1,1,0,0,0,0,0,0,1,0,0,0,0,0
975,950,2,2.0,0,0,1,0,0,0,1,0,0,0,0,0,0,0,0
1299,980,2,2.0,1,1,1,0,0,0,0,0,0,1,0,1,0,0,0
1345,698,1,1.0,1,1,1,0,0,0,0,0,0,1,0,0,1,0,0
1775,1225,2,2.0,1,1,0,0,0,0,0,0,0,1,1,0,0,0,0
1150,850,2,1.0,0,0,0,0,0,0,1,0,0,0,0,1,0,0,0
1199,910,1,1.0,1,1,1,0,0,0,0,0,0,1,0,0,1,0,0
1135,1037,2,2.0,1,1,1,0,0,0,0,0,0,1,0,1,0,0,0
947,470,1,1.0,1,1,1,0,0,0,1,0,0,0,0,0,0,0,0
1595,1293,3,2.0,1,1,1,0,0,0,0,1,0,0,0,0,0,0,0
1200,750,1,1.0,1,1,0,0,0,0,0,0,0,1,0,1,0,0,0
1555,1110,3,2.0,1,1,1,0,0,0,0,0,0,1,0,1,0,0,0
1144,825,1,1.0,1,1,1,0,0,0,0,0,0,1,0,0,0,0,0
1183,805,2,2.0,1,1,1,0,0,0,1,0,0,0,0,1,0,0,0
269,395,1,1.0,1,1,1,0,0,1,1,0,0,0,0,0,0,1,0
905,317,0,1.0,1,1,1,0,0,0,1,0,0,0,0,0,0,0,0
1232,1144,2,2.0,0,0,1,0,0,0,0,1,0,0,0,0,0,0,0
1625,1421,3,2.0,0,0,1,0,0,0,0,1,0,0,0,0,0,0,0
1465,1042,2,2.0,1,1,1,0,0,0,0,0,0,1,0,1,0,0,0
269,395,1,1.0,1,1,1,0,0,1,1,0,0,0,0,0,0,1,0
1685,1198,3,2.0,1,1,1,1,0,0,0,0,0,1,0,1,0,0,0
1220,1157,2,2.0,1,1,1,0,0,0,0,0,0,1,0,1,0,0,0
1385,934,2,1.5,1,1,1,0,0,0,0,0,0,1,0,0,0,0,0
1325,800,2,1.0,1,1,1,0,0,0,0,0,0,1,0,0,0,0,0
1589,1098,2,2.0,1,1,1,0,0,0,0,0,0,1,0,1,0,0,0
1375,1135,2,2.0,1,1,1,0,0,0,0,0,0,1,0,0,0,0,0
1405,995,2,2.0,1,1,1,0,0,0,0,0,0,1,0,1,0,0,0
1295,1150,2,2.0,1,1,1,0,0,0,0,0,0,1,0,0,0,0,0
1510,1122,2,2.0,1,1,1,0,0,0,0,0,0,1,0,0,1,0,0
845,732,1,1.0,1,1,1,0,0,0,0,0,0,1,0,1,0,0,0
1880,884,2,2.0,1,1,1,0,0,0,0,0,0,1,0,0,0,0,0
1070,900,2,1.0,1,1,1,0,0,0,1,0,0,0,0,1,0,0,0
1180,830,2,2.0,0,0,1,0,0,0,0,0,0,1,0,1,0,0,0
1095,775,2,1.0,1,1,1,0,0,0,0,0,0,1,0,1,0,0,0
1417,1003,2,2.0,1,1,0,0,0,0,0,0,0,1,0,1,0,0,0
268,300,0,1.0,1,1,0,0,0,1,1,0,0,0,0,0,0,0,0
1190,975,2,2.0,0,0,1,0,0,0,0,1,0,0,0,0,0,0,0
1138,774,1,1.0,0,0,1,0,0,0,0,1,0,0,0,0,0,0,0
1050,895,1,1.5,1,1,1,0,0,0,0,0,0,1,0,0,0,0,0
1251,692,1,1.0,1,1,0,1,0,0,0,0,0,1,0,0,0,1,0
269,395,1,1.0,1,1,1,0,0,1,1,0,0,0,0,0,0,1,0
914,720,1,1.0,1,1,1,0,0,0,0,0,0,1,0,0,0,0,0
1375,1050,2,2.0,1,1,1,0,0,0,0,0,0,1,0,1,0,0,0
1080,678,1,1.0,1,1,1,0,0,0,0,0,0,1,0,1,0,0,0
1467,977,2,2.0,1,1,1,0,0,0,1,0,0,0,0,0,1,0,0
880,678,1,1.0,1,1,1,0,0,0,1,0,0,0,0,1,0,0,0
1135,747,1,1.0,1,1,1,0,0,0,1,0,0,0,0,1,0,0,0
979,650,2,1.0,1,1,1,0,0,0,1,0,0,0,0,1,0,0,0
1124,893,2,2.0,1,1,1,0,0,0,0,0,0,1,0,1,0,0,0
1172,893,2,2.0,1,1,1,0,0,0,0,0,0,1,0,1,0,0,0
885,625,1,1.0,1,1,1,0,0,0,0,0,0,1,0,1,0,0,0
989,750,1,1.0,0,0,1,0,0,0,0,1,0,0,0,0,0,0,0
1460,1450,3,2.0,1,1,1,0,0,0,0,0,0,1,0,1,0,0,0
1589,1239,3,2.0,0,0,1,0,0,0,0,1,0,0,0,0,0,0,0
1330,716,1,1.0,0,0,1,0,0,0,0,1,0,0,0,0,0,0,0
915,782,1,1.0,0,0,1,0,0,0,0,1,0,0,0,0,0,0,0
1270,1163,2,2.0,1,1,1,0,0,0,0,0,0,1,0,1,0,0,0
1360,787,1,1.0,1,1,1,1,0,0,0,0,0,1,1,0,0,0,0
1140,899,1,1.0,1,1,1,0,0,0,0,0,0,1,0,1,0,0,0
679,240,0,1.0,0,0,1,0,0,0,0,1,0,0,0,0,0,0,0
1088,856,2,2.0,1,1,1,0,0,0,0,0,0,1,0,1,0,0,0
865,702,2,1.0,1,1,1,0,0,0,0,0,0,1,0,1,0,0,0
1198,665,1,1.0,0,0,1,0,0,0,0,1,0,0,0,0,0,0,0
925,721,1,1.0,0,0,1,0,0,0,0,1,0,0,0,0,0,0,0
1068,732,1,1.0,1,1,1,0,0,0,0,0,0,1,0,0,0,0,0
1459,839,1,1.0,1,0,1,0,0,0,0,0,0,1,0,1,0,0,0
1079,850,2,1.0,1,1,1,0,0,0,1,0,0,0,0,1,0,0,0
1270,1025,2,2.0,0,0,1,0,0,0,0,1,0,0,0,0,0,0,0
1070,742,1,1.0,1,1,0,1,0,0,0,0,0,1,0,0,0,0,0
1034,771,2,1.0,1,1,1,0,0,0,1,0,0,0,0,0,0,1,0
1514,903,2,2.0,1,1,1,0,0,0,0,0,0,1,0,0,1,0,0
1308,980,2,2.0,0,0,1,0,0,0,0,1,0,0,0,0,0,0,0
1589,1293,3,2.0,0,0,1,0,0,0,0,1,0,0,0,0,0,0,0
1062,670,1,1.0,1,1,1,0,0,0,0,1,0,0,0,0,0,0,0
1673,1133,2,2.0,1,1,0,1,0,0,0,0,0,1,0,0,0,1,0
1085,1365,2,2.0,1,1,1,0,0,0,0,0,0,1,0,1,0,0,0
1276,1003,2,2.0,1,1,0,0,0,0,0,1,0,0,0,0,0,0,0
1293,1167,2,2.0,1,1,1,1,0,0,0,0,0,1,0,0,1,0,0
1595,1293,3,2.0,1,1,1,0,0,0,0,1,0,0,0,0,0,0,0
856,418,0,1.0,0,0,1,0,0,0,0,1,0,0,0,0,0,0,0
1043,810,2,2.0,0,0,1,0,0,0,0,1,0,0,0,0,0,0,0
1229,694,1,1.0,1,1,1,0,0,0,0,0,0,1,0,1,0,0,0
1281,867,1,1.0,1,1,1,0,0,0,0,0,0,1,0,1,0,0,0
985,695,1,1.0,1,1,1,0,0,0,0,0,0,1,0,1,0,0,0
809,440,1,1.0,1,1,1,0,0,0,1,0,0,0,0,1,0,0,0
1015,720,1,1.0,0,0,1,0,0,0,0,1,0,0,0,0,0,0,0
918,456,1,1.0,0,0,1,0,0,0,0,1,0,0,0,0,0,0,0
219,300,0,1.0,1,1,0,1,0,1,1,0,0,0,0,0,0,0,0
810,613,1,1.0,1,1,1,0,0,0,0,1,0,0,0,0,0,0,0
995,720,1,1.0,0,0,1,0,0,0,0,1,0,0,0,0,0,0,0
1572,1219,3,2.0,0,0,1,0,0,0,0,1,0,0,0,0,0,0,0
879,650,1,1.0,1,1,1,0,0,0,1,0,0,0,0,1,0,0,0
1185,688,1,1.0,1,1,1,0,0,0,0,0,0,1,0,1,0,0,0
665,329,0,1.0,1,1,1,0,0,0,0,1,0,0,0,0,0,0,0
695,475,0,1.0,1,1,1,0,0,0,0,1,0,0,0,0,0,0,0
1295,1078,2,2.0,1,1,1,0,0,0,0,0,0,1,0,1,0,0,0
795,491,1,1.0,1,1,1,0,0,0,0,1,0,0,0,0,0,0,0
875,636,2,1.0,1,1,1,0,0,0,0,1,0,0,0,0,0,0,0
1312,1018,2,2.0,1,1,0,0,0,0,0,0,0,1,0,1,0,0,0
920,853,2,1.0,1,1,1,0,0,0,0,1,0,0,0,0,0,0,0
1237,975,2,2.0,0,0,1,0,0,0,0,1,0,0,0,0,0,0,0
1491,1050,2,2.0,0,0,1,0,0,0,0,1,0,0,0,0,0,0,0
1165,811,2,1.0,0,0,1,0,0,0,0,1,0,0,0,0,0,0,0
1170,1107,2,2.0,0,0,1,0,0,0,0,1,0,0,0,0,0,0,0
1040,1068,2,2.0,1,1,1,0,0,0,0,0,0,1,0,1,0,0,0
1310,1032,2,2.0,0,0,1,0,0,0,0,1,0,0,0,0,0,0,0
1192,741,1,1.0,1,1,1,0,0,0,1,0,0,0,0,0,1,0,0
1080,540,1,1.0,1,1,0,0,0,0,1,0,0,0,0,1,0,0,0
1189,850,2,1.0,0,0,1,0,0,0,0,1,0,0,0,0,0,0,0
1020,999,2,2.0,1,1,1,0,0,0,0,0,0,1,0,1,0,0,0
725,590,1,1.0,0,0,1,0,0,0,0,1,0,0,0,0,0,0,0
1294,980,2,2.0,0,0,1,0,0,0,0,1,0,0,0,0,0,0,0
1029,717,1,1.0,1,1,1,0,0,0,0,0,0,1,0,1,0,0,0
1031,695,1,1.0,0,0,1,0,0,0,0,1,0,0,0,0,0,0,0
1092,825,1,1.0,0,0,1,0,0,0,0,1,0,0,0,0,0,0,0
1129,746,1,1.0,0,0,1,0,0,0,0,1,0,0,0,0,0,0,0
1606,851,2,2.0,1,1,1,0,0,0,0,0,0,1,0,0,1,0,0
1009,796,1,1.0,1,1,1,0,0,0,0,0,0,1,0,1,0,0,0
1035,720,1,1.0,0,0,1,0,0,0,0,1,0,0,0,0,0,0,0
925,744,1,1.0,0,0,1,0,0,0,0,1,0,0,0,0,0,0,0
999,745,1,1.0,0,0,1,0,0,0,0,1,0,0,0,0,0,0,0
1075,965,2,2.0,1,1,1,0,0,0,0,0,0,1,0,1,0,0,0
1300,960,1,1.0,1,1,0,0,0,0,0,0,0,1,0,1,0,0,0
1105,875,2,2.0,1,1,1,0,0,0,1,0,0,0,0,1,0,0,0
939,635,1,1.0,1,1,1,0,0,0,0,0,0,1,0,1,0,0,0
1475,638,1,1.0,1,1,1,1,1,0,0,0,0,1,1,0,0,0,0
1250,960,2,2.0,1,1,1,0,0,0,0,0,0,1,0,1,0,0,0
915,550,1,1.0,0,0,1,0,0,0,0,1,0,0,0,0,0,0,0
975,926,2,2.0,0,0,1,0,0,0,0,1,0,0,0,0,0,0,0
880,678,1,1.0,1,1,1,0,0,0,1,0,0,0,0,1,0,0,0
1695,1174,2,2.0,1,1,0,0,0,0,0,0,0,1,0,1,0,0,0
1460,988,2,2.0,1,1,1,0,0,0,0,0,0,1,0,1,0,0,0
1735,1070,2,2.0,1,1,1,0,1,0,0,0,0,1,0,0,1,0,0
1157,1152,2,2.0,1,1,1,0,0,0,0,0,1,0,0,0,0,0,0
1345,1053,2,2.0,1,1,1,0,0,0,0,0,0,1,0,1,0,0,0
1653,1247,2,2.0,1,1,1,0,0,0,0,0,0,1,0,1,0,0,0
1585,1063,2,2.0,1,1,1,0,0,0,0,0,0,1,0,1,0,0,0
1520,1241,2,2.0,1,1,1,0,0,0,0,0,0,1,0,1,0,0,0
1270,1025,2,2.0,0,0,1,0,0,0,0,1,0,0,0,0,0,0,0
1451,978,2,2.0,1,1,1,0,0,0,1,0,0,0,0,0,1,0,0
1226,996,2,2.0,1,1,0,0,0,0,0,1,0,0,0,0,0,0,0
945,730,1,1.0,1,1,1,0,0,0,0,0,0,1,0,0,0,0,0
1040,782,1,1.0,1,1,1,0,0,0,0,0,0,1,0,1,0,0,0
1065,600,1,1.0,0,0,1,0,0,0,0,1,0,0,0,0,0,0,0
865,570,1,1.0,1,1,1,0,0,0,1,0,0,0,0,0,0,1,0
815,530,1,1.0,1,1,1,0,0,0,0,0,1,0,0,0,0,0,0
1490,1345,3,2.0,1,1,1,0,0,0,0,0,0,1,0,0,0,1,0
1205,970,2,2.0,1,1,1,0,0,0,0,0,0,1,0,1,0,0,0
1395,1211,2,2.0,1,1,1,0,0,0,0,0,0,1,0,1,0,0,0
1134,908,1,1.0,1,1,1,0,0,0,0,0,0,1,0,0,0,0,0
789,585,1,1.0,1,1,1,0,0,0,1,0,0,0,0,1,0,0,0
1170,720,1,1.0,1,1,1,0,0,0,0,0,0,1,0,1,0,0,0
962,650,1,1.0,1,1,1,0,0,0,0,0,0,1,0,1,0,0,0
773,676,1,1.0,0,0,1,0,0,0,0,1,0,0,0,0,0,0,0
1244,838,2,1.0,1,1,0,1,0,0,0,0,0,1,0,1,0,0,0
1347,1152,2,2.0,1,1,1,0,0,0,0,0,0,1,0,1,0,0,0
1396,1058,2,2.0,1,1,1,0,0,0,0,1,0,0,0,0,0,0,0
1340,983,2,2.0,0,0,1,0,0,0,0,1,0,0,0,0,0,0,0
1075,700,1,1.0,0,0,1,0,0,0,0,1,0,0,0,0,0,0,0
1109,703,1,1.0,1,1,1,0,0,0,0,0,0,1,0,1,0,0,0
1304,1050,2,2.0,0,0,1,0,0,0,0,1,0,0,0,0,0,0,0
1025,720,1,1.0,0,0,1,0,0,0,0,1,0,0,0,0,0,0,0
1297,765,1,1.0,1,1,1,0,0,0,0,0,0,1,0,1,0,0,0
999,750,1,1.0,0,0,1,0,0,0,0,1,0,0,0,0,0,0,0
1150,1140,3,2.0,1,1,1,0,0,0,0,0,0,1,0,1,0,0,0
1265,955,2,2.0,0,0,1,0,0,0,0,1,0,0,0,0,0,0,0
920,443,0,1.0,1,1,1,0,0,0,1,0,0,0,0,0,0,0,0
799,408,0,1.0,1,1,1,0,0,0,1,0,0,0,0,0,0,0,0
1007,1054,3,3.0,1,1,0,1,0,0,0,0,0,1,0,0,1,0,0
2120,1227,2,2.0,1,1,0,1,0,0,0,0,0,1,0,0,0,0,0
1275,1025,2,2.0,0,0,1,0,0,0,0,1,0,0,0,0,0,0,0
847,600,1,1.0,1,1,1,0,0,0,1,0,0,0,0,0,0,0,0
1800,1303,3,2.0,1,1,1,0,0,0,0,0,0,1,0,1,0,0,0
1310,1197,2,2.0,1,1,1,0,0,0,0,0,0,1,0,1,0,0,0
1276,1003,2,2.0,1,1,0,0,0,0,0,1,0,0,0,0,0,0,0
1025,580,1,1.0,1,1,1,0,0,0,1,0,0,0,0,1,0,0,0
1335,1192,3,2.0,1,1,1,1,0,0,0,0,0,0,0,1,0,0,0
1700,1350,3,2.0,0,0,1,0,0,0,0,1,0,0,0,0,0,0,0
975,670,1,1.0,0,0,1,0,0,0,0,1,0,0,0,0,0,0,0
1210,1028,2,2.0,1,1,1,0,0,0,0,0,0,1,0,1,0,0,0
870,570,1,1.0,1,1,1,0,0,0,1,0,0,0,0,1,0,0,0
912,550,1,1.0,1,1,1,0,0,0,0,1,0,0,0,0,0,0,0
1045,900,2,0.0,0,0,1,0,0,0,0,0,0,1,0,1,0,0,0
753,450,0,1.0,1,1,1,0,0,0,0,0,0,1,0,1,0,0,0
1025,876,2,2.0,1,1,1,0,0,0,0,0,0,1,0,0,0,0,0
1010,855,2,1.0,0,0,1,0,0,0,0,1,0,0,0,0,0,0,0
1079,850,2,0.0,1,1,1,0,0,0,0,1,0,0,0,0,0,0,0
1205,970,2,2.0,1,1,1,0,0,0,0,0,0,1,0,1,0,0,0
925,650,1,1.0,0,0,1,0,0,0,0,1,0,0,0,0,0,0,0
960,650,1,0.0,0,1,1,0,0,0,0,0,0,1,0,1,0,0,0
679,240,0,1.0,0,0,1,0,0,0,0,1,0,0,0,0,0,0,0
1137,925,2,1.0,0,0,1,0,0,0,0,1,0,0,0,0,0,0,0
1101,800,1,1.0,0,0,1,0,0,0,0,1,0,0,0,0,0,0,0
915,485,1,1.0,1,1,1,0,0,0,1,0,0,0,0,1,0,0,0
899,825,2,1.0,1,1,1,0,0,0,1,0,0,0,0,0,0,0,0
1535,1075,2,2.0,0,0,1,0,0,0,0,1,0,0,0,0,0,0,0
1465,1053,2,2.0,1,1,1,1,0,0,0,0,0,1,0,1,0,0,0
1010,750,1,1.0,1,1,1,0,0,0,0,0,0,1,0,1,0,0,0
979,650,2,1.0,1,1,1,0,0,0,1,0,0,0,0,1,0,0,0
845,545,1,1.0,1,1,1,0,0,0,1,0,0,0,0,0,0,0,0
1142,1006,2,2.0,1,1,1,0,0,0,0,0,0,1,0,0,0,0,0
1000,864,2,1.0,1,1,1,0,0,0,0,0,0,1,0,1,0,0,0
655,461,0,1.0,1,1,1,0,0,0,1,0,0,0,0,1,0,0,0
1070,1006,2,2.0,1,1,1,1,0,0,0,0,0,0,0,1,0,0,0
825,720,1,1.0,1,1,1,0,0,0,0,0,0,1,0,1,0,0,0
1030,776,2,2.0,1,1,0,1,0,1,0,0,0,1,0,0,1,0,0
900,840,2,1.0,1,1,1,0,0,0,0,0,0,1,0,1,0,0,0
1801,1360,3,2.0,1,1,0,0,0,0,0,0,0,1,1,0,0,0,0
928,660,1,1.0,1,1,1,0,0,0,0,0,0,1,0,0,0,0,0
1245,1040,2,2.0,1,1,0,0,0,0,0,0,0,1,0,1,0,0,0
1315,868,2,2.0,1,1,0,0,0,0,0,0,0,1,0,1,0,0,0
1185,811,2,1.0,0,0,1,0,0,0,0,1,0,0,0,0,0,0,0
1018,727,1,1.0,1,1,1,0,0,0,0,0,0,1,0,1,0,0,0
1589,1239,3,2.0,0,0,1,0,0,0,0,1,0,0,0,0,0,0,0
1180,689,1,1.0,0,0,1,0,0,0,0,1,0,0,0,0,0,0,0
1589,1239,3,2.0,0,0,1,0,0,0,0,1,0,0,0,0,0,0,0
825,720,1,1.0,1,1,1,0,0,0,0,0,0,1,0,1,0,0,0
1061,893,2,2.0,1,1,1,0,0,0,0,0,0,1,0,1,0,0,0
1019,681,1,1.0,0,0,1,0,0,0,0,1,0,0,0,0,0,0,0
1075,700,1,1.0,0,0,1,0,0,0,0,1,0,0,0,0,0,0,0
1005,785,1,1.0,1,1,1,0,0,0,0,0,0,1,0,0,0,0,0
900,1006,2,2.0,1,1,1,0,0,0,0,0,0,1,0,1,0,0,0
1050,800,1,1.0,1,1,1,0,0,0,0,0,0,1,0,1,0,0,0
1050,800,1,1.0,1,1,1,0,0,0,0,0,0,1,0,1,0,0,0
1050,800,1,1.0,1,1,1,0,0,0,0,0,0,1,0,1,0,0,0
885,780,2,1.0,1,1,1,0,0,0,1,0,0,0,0,1,0,0,0
1160,750,1,1.0,1,1,1,0,0,0,0,0,0,1,0,1,0,0,0
1125,875,2,1.0,1,1,1,0,0,0,0,0,0,1,0,1,0,0,0
1050,800,1,1.0,1,1,1,0,0,0,0,0,0,1,0,1,0,0,0
1385,827,1,1.0,1,1,0,1,0,0,0,0,0,1,0,0,0,0,0
999,863,1,1.0,0,0,1,0,0,0,0,1,0,0,0,0,0,0,0
1139,732,1,1.0,1,1,1,1,0,0,0,0,0,1,0,0,1,0,0
1192,741,1,1.0,1,1,1,0,0,0,1,0,0,0,0,0,1,0,0
905,672,1,1.0,1,1,1,0,0,0,1,0,0,0,0,1,0,0,0
1306,1040,2,2.0,0,0,1,0,0,0,0,1,0,0,0,0,0,0,0
835,720,1,1.0,1,1,1,0,0,0,0,0,0,1,0,1,0,0,0
1510,876,1,1.0,1,1,1,0,0,0,0,0,0,1,0,0,0,0,0
879,879,2,2.0,0,0,1,0,0,0,0,1,0,0,0,0,0,0,0
550,1501,1,0.0,1,1,0,0,0,1,0,1,0,0,0,0,0,0,0
1495,1146,3,2.0,1,1,1,0,0,0,0,1,0,0,0,0,0,0,0
1520,1109,2,2.0,1,1,1,0,0,0,0,1,0,0,0,0,0,0,0
1299,645,1,1.0,1,1,1,0,0,0,0,0,0,1,0,0,1,0,0
1320,865,2,1.0,1,1,1,0,0,0,0,0,0,1,0,1,0,0,0
1199,900,2,2.0,1,1,1,0,0,0,0,0,0,1,0,1,0,0,0
1271,938,2,2.0,1,1,1,1,0,0,0,0,0,1,0,0,0,0,0
1106,732,1,1.0,0,0,1,0,0,0,0,1,0,0,0,0,0,0,0
1605,1107,3,2.0,1,1,1,0,0,0,0,1,0,0,0,0,0,0,0
1415,983,2,2.0,0,0,1,0,0,0,0,1,0,0,0,0,0,0,0
1093,730,1,1.0,1,1,1,0,0,0,0,0,0,1,0,1,0,0,0
1244,838,2,1.0,0,0,1,0,0,0,0,1,0,0,0,0,0,0,0
1175,1009,2,2.0,1,1,1,0,0,0,0,0,0,1,0,1,0,0,0
1245,702,0,1.0,1,1,1,0,0,0,0,0,0,1,0,1,0,0,0
1131,800,1,1.0,0,0,1,0,0,0,0,1,0,0,0,0,0,0,0
1250,950,2,2.0,0,0,1,0,0,0,0,1,0,0,0,0,0,0,0
1216,777,1,1.0,0,0,1,0,0,0,0,1,0,0,0,0,0,0,0
1287,765,1,1.0,0,0,1,0,0,0,0,1,0,0,0,0,0,0,0
1105,874,2,2.0,1,1,0,0,0,0,0,0,0,1,0,1,0,0,0
1520,1063,2,2.0,1,1,1,0,0,0,0,0,0,1,0,1,0,0,0
1290,1068,2,2.0,1,1,1,0,0,0,0,0,0,1,0,0,0,0,0
1599,978,2,2.0,0,0,1,0,0,0,0,1,0,0,0,0,0,0,0
900,756,2,1.0,1,1,1,0,0,0,0,0,0,1,0,1,0,0,0
2800,1230,3,2.0,0,0,1,0,0,0,0,1,0,0,0,0,0,0,0
1125,875,2,1.0,1,1,1,0,0,0,0,0,0,1,0,1,0,0,0
1323,918,2,2.0,1,1,1,0,0,0,0,0,0,1,0,1,0,0,0
965,617,1,1.0,1,1,1,0,0,0,0,0,0,1,0,1,0,0,0
1580,1253,3,2.0,0,0,1,0,0,0,0,1,0,0,0,0,0,0,0
1300,798,1,1.0,1,1,1,0,0,0,0,0,0,1,0,1,0,0,0
1135,875,2,1.0,1,1,1,0,0,0,0,0,0,1,0,1,0,0,0
1300,1167,2,2.0,0,0,1,0,0,0,0,1,0,0,0,0,0,0,0
1216,777,1,1.0,0,0,1,0,0,0,0,1,0,0,0,0,0,0,0
1233,999,2,2.0,0,0,1,0,0,0,0,1,0,0,0,0,0,0,0
2145,1468,3,2.0,1,1,1,0,0,0,0,0,0,1,1,0,0,0,0
1295,1132,2,2.0,1,1,1,0,0,0,0,0,0,1,0,1,0,0,0
1125,875,2,1.0,1,1,1,0,0,0,0,0,0,1,0,1,0,0,0
1200,810,2,2.0,1,1,1,0,0,0,1,0,0,0,0,1,0,0,0
1190,625,1,1.0,1,1,1,0,0,0,0,0,0,1,0,1,0,0,0
1180,995,2,2.0,1,1,1,0,0,0,0,0,0,1,0,1,0,0,0
1145,646,1,1.0,1,1,1,1,0,0,0,0,0,1,0,0,0,0,0
900,744,1,1.0,1,1,1,0,0,0,0,0,0,1,0,1,0,0,0
1300,761,1,1.0,1,1,1,0,0,0,0,0,0,1,0,1,0,0,0
1314,988,2,2.0,1,1,1,0,0,0,0,0,0,1,0,1,0,0,0
1130,875,2,1.0,1,1,1,0,0,0,0,0,0,1,0,1,0,0,0
900,720,1,1.0,1,1,1,1,0,0,0,0,0,0,0,1,0,0,0
1390,1174,3,2.0,1,1,1,0,0,0,0,0,0,1,0,0,0,0,0
1135,747,1,1.0,1,1,1,0,0,0,1,0,0,0,0,1,0,0,0
1175,860,2,2.0,1,1,0,0,0,0,0,0,0,1,0,0,0,1,0
960,1024,1,1.0,1,1,1,0,0,0,1,0,0,0,0,1,0,0,0
679,240,0,1.0,0,0,1,0,0,0,0,1,0,0,0,0,0,0,0
825,1000,2,1.0,0,0,1,0,0,0,0,1,0,0,0,1,0,0,0
1183,805,2,2.0,1,1,1,0,0,0,1,0,0,0,0,1,0,0,0
905,660,1,1.0,0,0,1,0,0,0,0,1,0,0,0,0,0,0,0
1125,875,2,1.0,1,1,1,0,0,0,0,0,0,1,0,1,0,0,0
1175,860,2,2.0,1,1,0,0,0,0,0,0,0,1,0,0,0,1,0
1245,824,1,1.0,1,1,1,0,0,0,0,0,0,1,0,1,0,0,0
1085,1325,2,2.0,1,1,1,0,0,0,0,0,0,1,0,1,0,0,0
818,308,0,1.0,0,0,1,0,0,0,0,1,0,0,0,1,0,0,0
1350,1001,2,2.0,1,1,1,0,0,0,0,0,0,1,0,1,0,0,0
1480,950,1,1.0,1,1,1,0,0,0,0,0,0,1,0,1,0,0,0
1199,860,2,1.0,0,0,1,0,0,0,0,1,0,0,0,0,0,0,0
1327,937,2,2.0,1,1,1,1,0,0,0,0,0,1,0,0,0,0,0
1175,860,2,2.0,1,1,0,0,0,0,0,0,0,1,0,0,0,1,0
1359,965,2,1.0,1,1,1,0,0,0,0,0,0,1,0,1,0,0,0
1269,1030,2,2.0,1,1,1,0,0,0,0,0,0,1,0,1,0,0,0
1300,1000,2,2.0,1,1,1,0,0,0,0,0,0,1,0,1,0,0,0
1175,860,2,2.0,1,1,0,0,0,0,0,0,0,1,0,0,0,1,0
1278,884,2,1.0,1,1,1,0,0,0,0,0,0,1,0,1,0,0,0
1085,1325,2,2.0,1,0,1,0,0,0,0,0,0,1,0,1,0,0,0
1224,827,1,1.0,1,1,1,1,0,0,0,0,0,1,0,0,0,0,0
1095,850,2,1.0,1,1,1,0,0,0,1,0,0,0,0,0,0,0,0
1065,1100,2,2.0,1,1,1,0,0,0,0,0,0,1,0,1,0,0,0
219,300,0,1.0,1,1,0,1,0,1,1,0,0,0,0,0,0,0,0
1175,860,2,2.0,1,1,0,0,0,0,0,0,0,1,0,0,0,1,0
1390,818,2,2.0,1,1,0,0,0,0,0,0,0,1,0,1,0,0,0
905,660,1,1.0,1,1,1,0,0,0,1,0,0,0,0,1,0,0,0
1295,900,2,2.0,1,1,1,0,0,0,0,0,0,1,0,1,0,0,0
1185,726,1,1.0,1,1,0,0,0,0,0,0,0,1,0,1,0,0,0
1185,868,1,1.0,0,0,1,0,0,0,0,1,0,0,0,0,0,0,0
1105,756,1,1.0,1,1,1,0,0,0,0,0,0,1,0,1,0,0,0
1235,1081,2,1.0,1,1,1,0,0,0,0,0,0,1,0,1,0,0,0
1755,1291,2,2.0,1,1,1,0,0,0,0,0,0,1,1,0,0,0,0
1388,1003,2,2.0,1,1,1,1,0,0,0,0,0,1,0,0,0,0,0
1175,860,2,2.0,1,1,0,0,0,0,0,0,0,1,0,0,0,1,0
795,625,1,1.0,1,1,1,0,0,0,1,0,0,0,0,0,0,0,0
1725,1421,3,2.0,0,0,1,0,0,0,0,1,0,0,0,0,0,0,0
1175,860,2,2.0,1,1,0,0,0,0,0,0,0,1,0,0,0,1,0
1746,1388,3,2.0,1,1,0,1,0,0,0,0,0,1,0,0,0,0,0
1416,1058,2,2.0,1,1,1,0,0,0,0,0,0,1,0,1,0,0,0
1595,1293,3,2.0,1,1,1,0,0,0,0,1,0,0,0,0,0,0,0
1276,784,1,1.0,0,0,1,0,0,0,0,1,0,0,0,0,0,0,0
1175,860,2,2.0,1,1,0,0,0,0,0,0,0,1,0,0,0,1,0
1085,1345,2,2.0,1,1,1,0,0,0,0,0,0,1,0,1,0,0,0
1725,1333,3,2.0,1,1,1,1,0,0,0,0,0,1,0,0,0,0,0
1106,732,1,1.0,0,0,1,0,0,0,0,1,0,0,0,0,0,0,0
1175,860,2,2.0,1,1,0,0,0,0,0,0,0,1,0,0,0,1,0
1185,860,2,2.0,1,1,0,0,0,0,1,0,0,0,0,0,0,1,0
1415,983,2,2.0,0,0,1,0,0,0,0,1,0,0,0,0,0,0,0
1075,891,2,1.0,0,0,0,0,0,0,0,0,0,1,0,0,0,0,1
995,900,2,1.0,1,1,1,0,0,0,1,0,0,0,0,1,0,0,0
1306,1040,2,2.0,0,0,1,0,0,0,0,1,0,0,0,0,0,0,0
1054,775,2,1.0,1,1,1,0,0,0,0,0,0,1,0,1,0,0,0
770,597,1,0.0,1,1,1,0,0,0,0,0,0,1,0,1,0,0,0
1046,660,1,1.0,1,1,1,0,0,0,0,1,0,0,0,0,0,0,0
1020,653,1,1.0,1,1,1,0,0,0,0,0,0,1,0,1,0,0,0
1338,697,1,0.0,1,1,0,0,0,0,0,0,0,1,0,0,0,0,0
1313,866,1,1.0,1,1,1,1,0,0,0,0,0,1,0,0,0,0,0
1130,875,2,1.0,1,1,1,0,0,0,0,0,0,1,0,1,0,0,0
915,483,1,1.0,1,1,1,0,0,0,1,0,0,0,0,1,0,0,0
1192,741,1,1.0,1,1,1,0,0,0,1,0,0,0,0,0,1,0,0
1255,800,1,1.0,1,1,1,1,0,0,0,0,0,1,0,1,0,0,0
1370,793,2,2.0,1,1,1,0,0,0,0,0,0,1,0,1,0,0,0
1225,740,1,1.0,0,0,1,0,0,0,0,0,0,1,0,1,0,0,0
1193,742,1,1.0,1,1,1,0,0,0,1,0,0,0,0,0,1,0,0
945,720,1,1.0,1,1,1,0,0,0,0,1,0,0,0,0,0,0,0
1375,910,1,1.0,1,1,1,0,0,0,0,0,0,1,0,1,0,0,0
850,630,1,1.0,0,0,1,0,0,0,0,1,0,0,0,0,0,0,0
875,580,1,1.0,1,1,1,0,0,0,1,0,0,0,0,1,0,0,0
806,625,1,1.0,1,1,1,0,0,0,0,0,0,1,0,1,0,0,0
869,611,1,1.0,1,1,1,0,0,0,1,0,0,0,0,1,0,0,0
795,491,1,1.0,1,1,1,0,0,0,0,1,0,0,0,0,0,0,0
725,590,1,1.0,1,1,1,0,0,0,0,1,0,0,0,0,0,0,0
875,636,2,1.0,1,1,1,0,0,0,0,1,0,0,0,0,0,0,0
695,475,0,1.0,1,1,1,0,0,0,0,1,0,0,0,0,0,0,0
938,730,1,1.0,1,1,1,0,0,0,0,0,0,1,0,1,0,0,0
1310,1000,2,2.0,1,1,1,0,0,0,0,0,0,1,0,0,0,0,0
1388,1003,2,2.0,1,1,1,1,0,0,0,0,0,1,0,0,0,0,0
1150,717,1,1.0,1,1,1,0,0,0,0,0,0,1,0,1,0,0,0
920,853,2,1.0,1,1,1,0,0,0,0,1,0,0,0,0,0,0,0
855,770,1,1.0,0,0,1,0,0,0,1,0,0,0,0,0,0,0,0
1105,978,2,2.0,0,0,1,0,0,0,0,0,0,1,0,1,0,0,0
1175,742,1,1.0,1,1,1,1,0,0,0,0,0,1,0,0,0,0,0
2000,2182,4,2.5,0,0,1,0,0,0,0,1,0,0,0,0,0,0,0
1285,950,2,2.0,1,1,1,0,0,0,0,0,0,1,0,1,0,0,0
925,525,1,1.0,1,1,0,0,0,0,0,0,0,1,0,1,0,0,0
1150,1040,2,2.0,1,1,1,0,0,0,0,0,0,1,0,1,0,0,0
806,625,1,1.0,1,1,1,0,0,0,0,0,0,1,0,1,0,0,0
849,470,0,1.0,0,0,1,0,0,0,0,1,0,0,0,0,0,0,0
268,300,0,1.0,1,1,0,0,0,1,1,0,0,0,0,0,0,0,0
1353,1054,2,2.0,0,0,1,0,0,0,0,1,0,0,0,0,0,0,0
1994,982,2,2.0,1,1,1,0,0,0,0,0,0,1,0,0,0,0,0
1251,996,2,2.0,1,1,0,0,0,0,0,0,0,1,0,1,0,0,0
679,240,0,1.0,0,0,1,0,0,0,0,1,0,0,0,0,0,0,0
1167,708,1,1.0,1,1,1,0,0,0,0,0,0,1,0,1,0,0,0
1075,895,2,2.0,1,1,1,0,0,0,1,0,0,0,0,1,0,0,0
925,525,1,1.0,1,1,1,0,0,0,0,0,0,1,0,1,0,0,0
679,240,0,1.0,1,1,1,0,0,0,0,1,0,0,0,0,0,0,0
1040,1068,2,2.0,1,1,1,0,0,0,0,0,0,1,0,1,0,0,0
1270,1004,2,2.0,1,1,1,0,0,0,0,0,0,1,0,0,0,0,0
623,625,1,1.0,1,1,1,0,0,0,1,0,0,0,0,1,0,0,0
1475,638,1,1.0,1,1,1,0,0,0,0,0,0,1,0,0,1,0,0
1250,1000,2,2.0,0,0,1,0,0,0,0,1,0,0,0,0,0,0,0
1445,816,2,1.0,1,1,1,0,0,0,0,0,0,1,0,1,0,0,0
999,700,1,1.0,1,1,1,0,0,0,0,1,0,0,0,1,0,0,0
1130,875,2,1.0,1,1,1,0,0,0,0,0,0,1,0,1,0,0,0
773,676,1,1.0,0,0,1,0,0,0,0,1,0,0,0,0,0,0,0
1085,754,1,1.0,1,1,0,0,0,0,0,0,0,1,0,1,0,0,0
1095,1325,2,2.0,1,1,1,0,0,0,0,0,0,1,0,1,0,0,0
1615,1293,3,2.0,1,1,1,0,0,0,0,0,0,1,0,1,0,0,0
1000,500,0,1.0,1,1,1,0,0,0,1,0,0,0,0,1,0,0,0
945,580,1,1.0,1,1,1,0,0,0,0,0,0,1,0,1,0,0,0
1380,816,2,1.0,1,1,1,0,0,0,1,0,0,0,0,1,0,0,0
1765,1264,2,2.0,1,1,1,0,0,0,0,0,0,1,0,0,0,0,0
864,570,1,1.0,1,1,1,0,0,0,1,0,0,0,0,0,0,1,0
975,790,2,2.0,1,1,1,0,0,0,1,0,0,0,0,1,0,0,0
1183,805,2,2.0,1,1,1,0,0,0,1,0,0,0,0,1,0,0,0
1245,918,2,2.0,1,1,1,0,0,0,1,0,0,0,0,1,0,0,0
970,579,1,1.0,1,1,1,0,0,0,0,0,0,1,0,1,0,0,0
1178,814,2,1.0,1,1,1,0,0,0,0,0,0,1,0,1,0,0,0
1257,975,1,1.0,1,1,1,0,0,0,0,0,0,1,0,1,0,0,0
1529,851,2,2.0,1,1,1,0,0,0,0,0,0,1,0,0,1,0,0
1056,1022,2,2.0,0,0,1,0,0,0,0,0,0,1,0,1,0,0,0
1500,1168,2,2.0,1,1,1,0,0,0,0,0,0,1,0,1,0,0,0
1186,910,2,1.0,1,1,1,0,0,0,1,0,0,0,0,1,0,0,0
1445,816,2,1.0,1,1,1,0,0,0,0,0,0,1,0,1,0,0,0
1405,1275,2,2.0,0,1,1,0,0,0,1,0,0,0,0,0,0,0,1
1116,757,1,1.0,1,1,1,0,0,0,0,0,0,1,0,0,0,0,0
1218,774,1,1.0,0,0,1,0,0,0,0,1,0,0,0,0,0,0,0
985,750,2,1.0,1,1,1,0,0,0,0,1,0,0,0,0,0,0,0
1175,815,1,1.0,1,1,1,0,0,0,0,0,0,1,0,1,0,0,0
1636,760,1,1.0,1,1,0,1,0,0,0,0,0,1,1,0,0,0,0
1039,900,2,2.0,1,1,1,0,0,0,0,1,0,0,0,0,0,0,0
813,465,1,1.0,1,1,1,0,0,0,1,0,0,0,0,1,0,0,0
1403,752,1,1.0,1,1,0,0,0,0,0,0,0,1,0,1,0,0,0
810,450,0,1.0,1,1,1,0,0,0,0,1,0,0,0,0,0,0,0
740,450,0,1.0,1,1,1,0,0,0,0,1,0,0,0,0,0,0,0
935,750,2,1.0,1,1,1,0,0,0,0,1,0,0,0,0,0,0,0
985,750,2,1.0,1,1,1,0,0,0,0,0,0,1,0,0,0,0,0
820,690,1,1.0,1,1,1,0,0,0,0,1,0,0,0,0,0,0,0
850,690,1,1.0,0,0,1,0,0,0,0,0,0,1,0,0,0,0,0
720,450,0,1.0,1,1,1,0,0,0,0,1,0,0,0,0,0,0,0
1155,884,2,2.0,1,1,1,0,0,0,1,0,0,0,0,0,0,0,0
800,690,1,1.0,1,1,1,0,0,0,0,1,0,0,0,0,0,0,0
820,690,1,1.0,1,1,1,0,0,0,0,1,0,0,0,0,0,0,0
820,690,1,1.0,1,1,1,0,0,0,0,1,0,0,0,0,0,0,0
740,450,0,1.0,1,1,1,0,0,0,0,1,0,0,0,0,0,0,0
1050,800,2,2.0,1,1,1,0,0,0,0,1,0,0,0,0,0,0,0
1050,800,2,2.0,1,1,1,0,0,0,0,1,0,0,0,0,0,0,0
1293,1167,2,2.0,0,0,1,0,0,0,0,1,0,0,0,0,0,0,0
800,690,1,1.0,1,1,1,0,0,0,0,1,0,0,0,0,0,0,0
740,450,0,1.0,1,1,1,0,0,0,0,1,0,0,0,0,0,0,0
1285,1125,2,2.0,1,1,1,0,0,0,0,0,0,1,0,0,0,1,0
740,450,0,1.0,1,1,1,0,0,0,0,1,0,0,0,0,0,0,0
1297,1078,2,2.0,0,0,1,0,0,0,0,1,0,0,0,0,0,0,0
850,690,1,1.0,1,1,1,0,0,0,0,0,0,1,0,0,0,0,0
820,690,1,1.0,1,1,1,0,0,0,0,1,0,0,0,0,0,0,0
870,690,1,1.0,1,1,1,0,0,0,0,0,0,1,0,0,0,0,0
674,380,0,1.0,1,1,1,0,0,0,1,0,0,0,0,1,0,0,0
935,750,2,1.0,1,1,1,0,0,0,0,1,0,0,0,0,0,0,0
870,690,1,1.0,1,1,1,0,0,0,0,0,0,1,0,0,0,0,0
1050,624,1,1.0,1,1,1,0,0,0,0,0,0,1,0,1,0,0,0
850,690,1,1.0,1,1,1,0,0,0,0,0,0,1,0,0,0,0,0
1100,950,2,2.0,0,0,1,0,0,1,0,0,0,1,0,0,0,0,0
1180,689,1,1.0,0,0,1,0,0,0,0,1,0,0,0,0,0,0,0
1141,811,2,1.0,0,0,1,0,0,0,0,1,0,0,0,0,0,0,0
1050,800,2,2.0,1,1,1,0,0,0,0,0,0,1,0,0,0,0,0
740,450,0,1.0,1,1,1,0,0,0,0,1,0,0,0,0,0,0,0
800,690,1,1.0,1,1,1,0,0,0,0,1,0,0,0,0,0,0,0
850,690,1,1.0,1,1,1,0,0,0,0,1,0,0,0,0,0,0,0
1202,811,2,2.0,0,0,1,0,0,0,0,1,0,0,0,0,0,0,0
1292,1013,2,2.0,0,0,1,0,0,0,0,1,0,0,0,0,0,0,0
1331,1152,2,2.0,0,0,1,0,0,0,0,1,0,0,0,0,0,0,0
1100,950,2,2.0,1,1,1,0,0,0,0,0,0,1,0,0,0,0,0
1154,732,1,1.0,1,1,1,0,0,0,0,0,0,1,0,1,0,0,0
1144,600,1,1.0,1,1,1,0,0,0,0,0,0,1,0,0,0,0,0
1359,1067,2,2.0,0,0,1,0,0,0,0,1,0,0,0,0,0,0,0
1183,805,2,2.0,1,1,1,0,0,0,1,0,0,0,0,1,0,0,0
1178,814,2,1.0,1,1,1,0,0,0,0,1,0,0,0,0,0,0,0
1015,686,2,1.0,1,1,1,0,0,0,1,0,0,0,0,0,0,1,0
1049,934,2,2.0,1,1,1,0,0,0,1,0,0,0,0,1,0,0,0
830,502,0,1.0,1,1,1,0,0,0,0,0,0,1,0,0,0,0,0
875,580,1,1.0,1,1,1,0,0,0,1,0,0,0,0,1,0,0,0
1299,1043,2,2.0,1,1,1,0,0,0,0,0,0,1,0,1,0,0,0
1200,772,1,1.0,1,1,1,1,0,0,0,0,0,1,0,0,0,0,0
1275,797,1,1.0,1,1,1,0,0,0,0,0,0,1,0,1,0,0,0
1520,1080,2,2.0,1,1,1,0,0,0,0,0,0,1,0,1,0,0,0
1589,1239,3,2.0,0,0,1,0,0,0,0,1,0,0,0,0,0,0,0
1520,1063,2,2.0,1,1,1,0,0,0,0,0,0,1,0,1,0,0,0
905,650,1,1.0,1,1,1,0,0,0,0,0,0,1,0,1,0,0,0
1740,2300,3,2.0,1,1,1,0,0,0,0,0,1,0,1,0,0,0,0
1228,862,1,1.0,1,1,1,0,0,0,0,0,0,1,0,1,0,0,0
1131,800,1,1.0,0,0,1,0,0,0,0,1,0,0,0,0,0,0,0
729,700,1,1.0,0,0,1,0,0,0,1,0,0,0,0,1,0,0,0
1015,700,1,1.0,0,0,1,0,0,0,0,1,0,0,0,0,0,0,0
1243,866,1,1.0,1,1,1,1,0,0,0,0,0,1,0,0,0,0,0
1120,1219,2,2.0,0,0,1,0,0,0,0,1,0,0,0,0,0,0,0
789,585,1,1.0,1,1,1,0,0,0,1,0,0,0,0,1,0,0,0
1195,692,1,1.0,1,1,1,0,0,0,0,0,0,1,0,1,0,0,0
1250,1003,2,1.0,1,1,1,0,0,0,0,0,0,1,0,0,0,0,0
928,675,1,1.0,0,0,1,0,0,0,0,1,0,0,0,0,0,0,0
1485,1263,2,2.5,1,1,1,0,0,0,0,0,0,1,1,0,0,0,0
1095,1265,2,2.0,1,1,1,0,0,0,0,0,0,1,0,1,0,0,0
1095,1295,2,2.0,1,1,1,0,0,0,0,0,0,1,0,1,0,0,0
1585,1063,2,2.0,1,1,1,0,0,0,0,0,0,1,0,1,0,0,0
1050,1000,2,1.0,1,1,1,0,0,0,1,0,0,0,0,1,0,0,0
1000,738,1,1.0,1,1,1,0,0,0,0,0,0,1,0,1,0,0,0
1595,1293,3,2.0,1,1,1,0,0,0,0,0,0,1,0,1,0,0,0
935,658,1,1.0,1,1,1,0,0,0,0,0,0,1,0,1,0,0,0
1075,895,2,2.0,1,1,1,0,0,0,1,0,0,0,0,1,0,0,0
1230,776,1,1.0,1,1,1,0,0,0,0,0,0,1,0,0,1,0,0
1205,937,1,1.0,1,1,1,0,0,0,0,1,0,0,0,0,0,0,0
1750,1263,3,2.0,1,1,1,0,0,0,0,0,0,1,0,1,0,0,0
1400,1000,1,1.0,1,1,1,0,0,0,1,0,0,0,0,0,0,0,0
1815,1378,3,2.0,1,1,1,0,0,0,0,0,0,1,0,0,1,0,0
2037,1140,1,1.0,1,1,1,0,0,0,0,1,0,0,0,0,0,0,0
989,732,1,1.0,1,1,0,0,0,0,0,1,0,0,0,0,0,0,0
0,650,1,1.0,0,0,1,0,0,0,0,1,0,0,0,0,0,0,0
1815,1378,3,2.0,1,1,1,0,0,0,0,0,0,1,0,0,1,0,0
1020,550,1,1.0,1,1,1,0,0,0,0,0,0,1,0,1,0,0,0
875,580,0,1.0,1,1,1,0,0,0,1,0,0,0,0,1,0,0,0
1689,830,1,1.5,1,1,1,0,0,0,0,0,0,1,0,0,1,0,0
1510,1122,2,2.0,1,1,1,0,0,0,0,0,0,1,0,0,1,0,0
729,400,0,1.0,1,1,1,0,0,0,1,0,0,0,0,1,0,0,0
1148,832,1,1.0,1,1,1,0,0,0,0,0,0,1,0,1,0,0,0
1075,895,2,2.0,1,1,1,0,0,0,1,0,0,0,0,1,0,0,0
1180,1107,2,2.0,0,0,1,0,0,0,0,1,0,0,0,0,0,0,0
1420,959,1,1.0,1,1,1,0,0,0,0,0,0,1,0,0,1,0,0
1999,949,0,1.0,1,1,1,0,0,0,0,0,0,1,0,0,1,0,0
1075,965,2,2.0,1,1,1,0,0,0,0,0,1,0,0,0,0,0,0
1195,840,2,1.0,0,0,1,0,0,0,0,1,0,0,0,0,0,0,0
964,738,1,1.0,0,0,1,0,0,0,0,1,0,0,0,0,0,0,0
1355,732,1,1.0,1,1,1,0,0,0,0,0,0,1,0,0,0,0,0
1269,940,1,1.0,1,1,1,0,0,0,0,0,0,1,1,0,0,0,0
1224,820,1,1.0,1,1,1,0,0,0,0,0,0,1,1,0,0,0,0
1688,1416,2,2.0,1,1,1,0,0,0,0,0,0,1,1,0,0,0,0
980,688,1,1.0,1,1,1,0,0,0,1,0,0,0,0,1,0,0,0
1333,1065,1,1.0,1,1,1,0,0,0,0,0,0,1,1,0,0,0,0
1065,600,1,1.0,0,0,1,0,0,0,0,1,0,0,0,0,0,0,0
995,744,1,1.0,1,1,1,0,0,0,0,0,0,1,0,1,0,0,0
1265,999,2,2.0,1,1,1,0,0,0,0,0,0,1,0,1,0,0,0
1204,952,2,2.0,1,1,1,0,0,0,1,0,0,0,0,1,0,0,0
1395,930,2,1.0,1,1,1,0,0,0,0,0,0,1,0,1,0,0,0
929,456,1,1.0,0,0,1,0,0,0,0,1,0,0,0,0,0,0,0
988,732,1,1.0,1,1,0,0,0,0,0,1,0,0,0,0,0,0,0
1345,810,2,0.0,1,1,1,0,0,0,0,0,0,1,0,0,0,0,0
1550,1070,2,2.0,1,1,1,0,0,0,0,0,0,1,0,1,0,0,0
930,428,1,1.0,1,1,0,0,0,0,1,0,0,0,0,0,0,0,0
1315,820,2,0.0,1,1,1,0,0,0,0,0,0,1,0,0,0,0,0
1268,920,1,1.0,1,1,1,0,0,0,0,0,0,1,1,0,0,0,0
647,1159,2,2.0,0,0,1,0,0,0,0,0,0,1,0,1,0,0,0
1325,800,2,0.0,1,1,1,0,0,0,1,0,0,0,0,0,0,0,0
1395,880,2,2.0,1,1,1,0,0,0,0,0,0,1,0,0,0,0,0
925,450,1,0.0,1,1,1,0,0,0,1,0,0,0,0,0,0,0,0
1150,961,2,2.0,1,1,1,0,0,0,0,0,0,1,0,1,0,0,0
1390,1006,2,2.0,1,1,1,0,0,0,0,0,0,1,0,0,0,0,0
1451,977,2,2.0,1,1,1,0,0,0,1,0,0,0,0,0,1,0,0
1460,1370,1,1.0,1,1,1,0,0,0,0,0,0,1,0,0,1,0,0
1699,1124,2,2.0,1,1,1,0,0,0,0,0,0,1,0,0,0,0,0
1188,820,1,1.0,1,1,1,0,0,0,0,0,0,1,1,0,0,0,0
1550,1070,2,2.0,1,1,1,0,0,0,0,0,0,1,0,1,0,0,0
1282,988,2,2.0,1,1,1,0,0,0,0,1,0,0,0,0,0,0,0
1279,852,1,1.0,1,1,1,0,0,0,0,0,0,1,0,0,0,0,0
1208,661,0,1.0,1,1,1,0,0,0,0,0,0,1,0,1,0,0,0
1239,758,1,1.0,1,1,1,0,0,0,0,0,0,1,0,0,0,0,0
1287,774,1,1.0,0,0,1,0,0,0,0,1,0,0,0,0,0,0,0
849,615,1,1.0,1,1,1,0,0,0,0,0,1,0,0,1,0,0,0
1205,640,1,1.0,1,1,0,0,0,0,0,0,0,1,0,1,0,0,0
1490,1100,2,2.0,1,1,1,0,0,0,0,0,0,1,0,1,0,0,0
0,900,1,1.0,0,0,1,0,0,0,1,0,0,0,0,0,0,0,0
1334,713,1,1.0,1,1,1,0,0,0,0,0,0,1,0,0,0,0,0
1610,707,1,1.0,1,1,1,0,0,0,0,0,0,1,0,1,0,0,0
745,419,0,1.0,1,1,1,0,0,0,0,0,0,0,0,1,0,0,0
1265,738,1,1.0,0,0,1,0,0,0,0,1,0,0,0,0,0,0,0
1535,1126,2,2.0,1,1,1,0,0,0,0,0,0,1,0,1,0,0,0
1500,760,1,1.0,1,1,1,0,0,1,0,1,0,0,0,0,0,0,0
885,658,1,1.0,1,1,1,0,0,0,0,0,0,1,0,1,0,0,0
1404,1121,2,0.0,1,1,1,0,0,0,0,1,0,0,0,0,0,0,0
1673,1006,2,2.0,1,1,1,0,0,0,0,0,0,1,0,1,0,0,0
1074,700,1,1.0,0,0,1,0,0,0,0,1,0,0,0,0,0,0,0
981,540,1,1.0,1,1,1,0,0,1,1,0,0,0,0,0,0,0,0
1050,935,2,2.0,1,1,1,0,0,1,0,1,0,0,0,0,0,0,0
1095,685,1,1.0,1,1,1,0,0,1,0,1,0,0,0,0,0,0,0
962,726,1,1.0,1,1,0,0,0,0,0,0,0,1,0,1,0,0,0
792,375,0,1.0,1,1,1,0,0,1,1,0,0,0,0,0,0,0,0
1614,1145,2,2.0,1,1,0,0,0,0,0,0,0,1,0,0,1,0,0
878,689,1,1.0,1,1,1,0,0,0,0,0,0,1,0,1,0,0,0
870,570,1,1.0,1,1,1,0,0,0,1,0,0,0,0,1,0,0,0
1877,1270,2,2.0,1,1,0,1,0,0,0,0,0,1,1,0,0,0,0
1424,725,2,2.0,1,1,1,0,0,0,0,0,0,1,0,0,1,0,0
1040,550,1,1.0,1,1,1,0,0,0,0,1,0,0,0,0,0,0,0
1451,978,2,2.0,1,1,1,0,0,0,1,0,0,0,0,0,1,0,0
1739,1193,2,2.0,1,0,1,0,0,0,0,0,0,1,0,1,0,0,0
1804,1145,2,2.0,1,1,0,1,0,0,0,0,0,1,0,0,1,0,0
1590,920,1,1.0,1,1,0,1,0,0,0,0,0,1,0,0,1,0,0
1035,720,1,1.0,0,0,1,0,0,0,0,1,0,0,0,0,0,0,0
1381,1183,3,2.0,1,1,1,0,0,0,0,0,0,1,0,1,0,0,0
1310,1003,2,2.0,1,1,1,0,0,0,0,0,0,1,0,0,0,0,0
1375,983,2,2.0,0,0,1,0,0,0,0,1,0,0,0,0,0,0,0
1030,851,2,2.0,1,1,1,0,0,0,1,0,0,0,0,1,0,0,0
1043,810,2,2.0,0,0,1,0,0,0,0,1,0,0,0,0,0,0,0
975,926,2,2.0,0,0,1,0,0,0,0,1,0,0,0,0,0,0,0
936,625,1,1.0,1,1,1,0,0,0,0,0,0,1,0,1,0,0,0
1338,958,2,2.0,1,1,0,0,0,0,0,0,0,1,0,1,0,0,0
1861,1307,3,2.0,1,1,1,0,0,0,0,1,0,0,0,0,0,0,0
1174,689,1,1.0,0,0,1,0,0,0,0,1,0,0,0,0,0,0,0
1850,1345,3,2.0,1,1,1,1,0,0,0,0,0,1,0,1,0,0,0
1260,988,2,2.0,1,1,1,0,0,0,0,0,0,1,0,1,0,0,0
921,730,1,1.0,1,1,1,0,0,0,0,0,0,1,0,1,0,0,0
639,579,1,1.0,0,0,1,0,0,0,0,1,0,0,0,0,0,0,0
1550,1070,2,2.0,1,1,1,0,0,0,0,0,0,1,0,1,0,0,0
1588,1119,2,2.0,1,1,1,0,0,0,0,0,0,1,1,0,0,0,0
1233,940,1,1.0,1,1,1,0,0,0,0,0,0,1,1,0,0,0,0
985,658,1,1.0,1,1,1,0,0,0,0,1,0,0,0,0,0,0,0
1836,1476,3,2.0,1,1,1,0,0,0,0,0,0,1,0,0,1,0,0
1660,1360,3,2.0,1,1,1,0,0,0,0,0,0,1,0,1,0,0,0
800,700,2,1.0,0,0,0,0,0,0,0,1,0,0,0,1,0,0,0
1400,879,2,2.0,1,1,1,0,0,0,0,0,0,1,0,1,0,0,0
1300,739,2,2.0,1,1,1,0,0,0,0,0,0,1,0,1,0,0,0
1375,793,2,2.0,1,1,1,0,0,0,0,0,0,1,0,1,0,0,0
1389,1102,2,1.0,1,1,1,0,0,0,0,0,0,1,0,1,0,0,0
1180,750,1,1.0,1,1,1,0,0,0,0,0,0,1,0,1,0,0,0
1981,773,1,1.0,1,1,1,0,0,0,0,0,0,1,0,0,1,0,0
1625,1421,3,2.0,0,0,1,0,0,0,0,1,0,0,0,0,0,0,0
1355,732,1,1.0,1,1,1,0,0,0,0,0,0,1,0,0,0,0,0
1999,949,0,1.0,1,1,1,0,0,0,0,0,0,1,0,0,1,0,0
1550,1070,2,2.0,1,1,1,0,0,0,0,0,0,1,0,1,0,0,0
1199,820,1,1.0,1,1,1,0,0,0,0,0,0,1,1,0,0,0,0
1699,814,1,1.0,1,1,1,0,0,0,0,0,0,1,0,0,1,0,0
946,586,1,1.0,0,0,1,0,0,0,0,1,0,0,0,0,0,0,0
925,800,2,1.0,1,1,0,0,0,0,1,0,0,0,0,0,0,1,0
1981,773,1,1.0,1,1,1,0,0,0,0,0,0,1,0,0,1,0,0
926,730,1,1.0,1,1,1,0,0,0,0,0,0,1,0,1,0,0,0
1096,700,1,1.0,0,0,1,0,0,0,0,1,0,0,0,0,0,0,0
1399,1050,2,2.0,1,1,1,0,0,0,0,0,0,1,0,1,0,0,0
1125,780,1,1.0,1,1,1,0,0,0,0,0,0,1,0,1,0,0,0
1246,1054,2,2.0,0,0,1,0,0,0,0,1,0,0,0,0,0,0,0
1248,938,2,2.0,1,1,1,1,0,0,0,0,0,1,0,0,0,0,0
1529,851,2,2.0,1,1,1,0,0,0,0,0,0,1,0,0,1,0,0
679,240,0,1.0,0,0,1,0,0,0,0,1,0,0,0,0,0,0,0
268,300,0,1.0,1,1,0,0,0,1,1,0,0,0,0,0,0,0,0
1170,1107,2,2.0,0,0,1,0,0,0,0,1,0,0,0,0,0,0,0
1075,965,2,2.0,1,1,1,0,0,0,0,0,0,1,0,1,0,0,0
1115,857,2,2.0,1,1,1,0,0,0,0,0,0,1,0,1,0,0,0
900,565,1,1.0,1,1,1,0,0,0,0,0,0,1,0,1,0,0,0
1175,960,2,2.0,1,1,1,0,0,0,0,0,0,1,0,1,0,0,0
988,732,1,1.0,0,0,1,0,0,0,0,1,0,0,0,0,0,0,0
1062,600,1,1.0,0,0,1,0,0,0,0,1,0,0,0,0,0,0,0
795,650,1,1.0,0,0,1,0,0,0,0,1,0,0,0,0,0,0,0
1490,1159,3,2.0,1,1,1,0,0,0,0,0,0,1,0,1,0,0,0
1515,1219,3,2.0,0,0,1,0,0,0,0,1,0,0,0,0,0,0,0
918,456,1,1.0,0,0,1,0,0,0,0,1,0,0,0,0,0,0,0
773,676,1,1.0,0,0,1,0,0,0,0,1,0,0,0,0,0,0,0
800,407,0,1.0,0,0,1,0,0,0,1,0,0,0,0,0,0,1,0
1141,865,2,1.0,1,1,1,0,0,0,0,0,0,1,0,1,0,0,0
870,570,1,1.0,0,0,1,0,0,0,0,1,0,0,0,0,0,0,0
952,762,1,1.0,1,1,1,0,0,0,0,1,0,0,0,0,0,0,0
1318,1183,2,2.0,0,0,1,0,0,0,0,1,0,0,0,0,0,0,0
999,1200,3,1.0,0,0,1,0,0,0,1,0,0,0,0,1,0,0,0
1408,1003,2,2.0,1,1,0,0,0,0,0,1,0,0,0,0,0,0,0
1220,868,1,1.0,0,0,1,0,0,0,0,1,0,0,0,0,0,0,0
1225,785,1,1.0,1,1,1,0,0,0,0,0,0,1,0,1,0,0,0
1800,1059,2,2.0,1,1,1,0,0,0,0,0,0,1,0,1,0,0,0
1250,1025,2,2.0,0,0,1,0,0,0,0,1,0,0,0,0,0,0,0
1294,980,2,2.0,0,0,1,0,0,0,0,1,0,0,0,0,0,0,0
1262,772,1,1.0,1,1,1,1,0,1,0,0,0,1,0,0,0,0,0
679,240,0,1.0,0,0,1,0,0,0,0,1,0,0,0,0,0,0,0
1075,965,2,2.0,1,1,1,0,0,0,0,0,0,1,0,1,0,0,0
1130,1107,2,2.0,0,0,1,0,0,0,0,1,0,0,0,0,0,0,0
268,300,0,1.0,1,1,0,0,0,1,1,0,0,0,0,0,0,0,0
1275,1025,2,2.0,0,0,1,0,0,0,0,1,0,0,0,0,0,0,0
0,650,1,1.0,0,0,1,0,0,0,1,0,0,0,0,0,0,0,0
773,676,1,1.0,0,0,1,0,0,0,0,1,0,0,0,0,0,0,0
1178,814,2,1.0,1,1,1,0,0,0,0,1,0,0,0,0,0,0,0
866,570,1,1.0,1,1,1,0,0,0,1,0,0,0,0,1,0,0,0
1085,868,1,1.0,0,0,1,0,0,0,0,1,0,0,0,0,0,0,0
1178,814,2,1.0,1,1,1,0,0,0,0,0,0,1,0,1,0,0,0
1038,600,1,1.0,0,0,1,0,0,0,0,1,0,0,0,0,0,0,0
1518,1195,3,2.0,0,0,1,0,0,0,0,1,0,0,0,0,0,0,0
874,586,1,1.0,0,0,1,0,0,0,0,1,0,0,0,0,0,0,0
1259,827,1,1.0,1,1,1,1,0,1,0,0,0,1,0,0,0,0,0
1170,1107,2,2.0,0,0,1,0,0,0,0,1,0,0,0,0,0,0,0
1157,1152,2,2.0,1,1,1,0,0,0,0,1,0,0,0,0,0,0,0
679,240,0,1.0,0,0,1,0,0,0,0,1,0,0,0,0,0,0,0
988,732,1,1.0,1,1,0,0,0,0,0,1,0,0,0,0,0,0,0
0,650,1,1.0,0,0,1,0,0,0,1,0,0,0,0,0,0,0,0
1088,700,1,1.0,0,0,1,0,0,0,0,1,0,0,0,0,0,0,0
773,676,1,1.0,0,0,1,0,0,0,0,1,0,0,0,0,0,0,0
985,658,1,1.0,1,1,1,0,0,0,0,1,0,0,0,0,0,0,0
773,676,1,1.0,0,0,1,0,0,0,0,1,0,0,0,0,0,0,0
1106,782,1,1.0,0,0,1,0,0,0,0,1,0,0,0,0,0,0,0
870,570,1,1.0,1,1,1,0,0,0,1,0,0,0,0,1,0,0,0
962,762,1,1.0,1,1,1,0,0,0,0,0,0,1,0,1,0,0,0
1350,1135,2,2.0,0,0,1,0,0,0,0,1,0,0,0,0,0,0,0
1114,800,1,1.0,0,0,1,0,0,0,0,1,0,0,0,0,0,0,0
1308,980,2,2.0,0,0,1,0,0,0,0,1,0,0,0,0,0,0,0
1195,1219,2,2.0,0,0,1,0,0,0,0,1,0,0,0,0,0,0,0
1055,965,2,2.0,1,1,1,0,0,0,0,0,1,0,0,1,0,0,0
1299,618,1,1.0,1,1,0,0,1,0,0,0,0,1,1,0,0,0,0
679,240,0,1.0,0,0,1,0,0,0,0,1,0,0,0,0,0,0,0
0,900,1,1.0,0,0,1,0,0,0,1,0,0,0,0,0,0,0,0
988,732,1,1.0,1,1,0,0,0,0,0,1,0,0,0,0,0,0,0
985,658,1,1.0,1,1,1,0,0,0,0,1,0,0,0,0,0,0,0
1381,1183,3,2.0,0,0,1,0,0,0,0,0,0,1,0,1,0,0,0
866,570,1,1.0,0,0,1,0,0,0,0,1,0,0,0,0,0,0,0
1141,865,2,1.0,1,1,1,0,0,0,0,1,0,0,0,0,0,0,0
1049,600,1,1.0,0,0,1,0,0,0,0,1,0,0,0,0,0,0,0
1142,980,2,2.0,0,0,1,0,0,0,0,1,0,0,0,0,0,0,0
1655,1421,3,2.0,0,0,1,0,0,0,0,1,0,0,0,0,0,0,0
1495,1076,1,1.0,1,1,0,0,0,1,0,0,0,1,1,0,0,0,0
1221,827,1,1.0,1,1,1,1,0,1,0,0,0,1,0,0,0,0,0
1170,1107,2,2.0,0,0,1,0,0,0,0,1,0,0,0,0,0,0,0
1535,1063,2,2.0,1,1,1,0,0,0,0,0,0,1,0,1,0,0,0
1075,965,2,2.0,1,1,1,0,0,0,0,0,0,1,0,1,0,0,0
950,950,2,2.0,0,0,0,0,0,0,0,0,0,1,0,0,0,1,0
975,926,2,2.0,0,0,1,0,0,0,0,1,0,0,0,0,0,0,0
1300,1100,2,2.0,1,1,1,0,0,0,0,0,0,1,1,0,0,0,0
679,240,0,1.0,0,0,1,0,0,0,0,1,0,0,0,0,0,0,0
929,686,2,1.0,1,1,1,0,0,0,1,0,0,0,0,0,0,1,0
811,418,0,1.0,0,0,1,0,0,0,0,1,0,0,0,0,0,0,0
0,650,1,1.0,0,0,1,0,0,0,1,0,0,0,0,0,0,0,0
1218,996,2,2.0,1,1,0,0,0,0,0,0,0,1,0,1,0,0,0
1358,975,2,2.0,0,0,1,0,0,0,0,1,0,0,0,0,0,0,0
1400,1100,2,2.0,1,1,1,1,0,0,0,0,0,1,0,0,0,1,0
1145,900,2,2.0,1,1,1,1,0,0,1,0,0,0,0,0,0,1,0
1325,1146,3,2.0,1,1,1,0,0,0,0,0,0,1,0,1,0,0,0
1318,1183,2,2.0,0,0,1,0,0,0,0,1,0,0,0,0,0,0,0
1500,1200,3,2.0,1,1,1,1,0,0,0,0,0,1,0,0,0,1,0
1299,900,2,2.0,0,0,1,0,0,0,0,0,0,1,0,0,0,1,0
1599,1100,3,2.0,1,1,1,1,0,0,0,0,0,1,0,0,0,1,0
864,570,1,1.0,1,1,1,0,0,0,1,0,0,0,0,0,0,1,0
870,570,1,1.0,0,0,1,0,0,0,0,1,0,0,0,0,0,0,0
920,853,2,1.0,1,1,1,0,0,0,0,1,0,0,0,0,0,0,0
875,636,2,1.0,1,1,1,0,0,0,0,1,0,0,0,0,0,0,0
695,475,0,1.0,1,1,1,0,0,0,0,1,0,0,0,0,0,0,0
1263,996,2,2.0,1,1,0,0,0,0,0,1,0,0,0,0,0,0,0
795,491,1,1.0,1,1,1,0,0,0,0,1,0,0,0,0,0,0,0
249,440,1,1.0,1,1,0,1,0,1,1,0,0,0,0,0,0,0,0
1120,925,2,1.0,0,0,1,0,0,0,0,1,0,0,0,0,0,0,0
1035,771,2,1.0,1,1,1,0,0,0,1,0,0,0,0,0,0,1,0
1215,868,1,1.0,0,0,1,0,0,0,0,1,0,0,0,0,0,0,0
1000,720,1,1.0,0,0,1,0,0,0,0,1,0,0,0,0,0,0,0
952,762,1,1.0,1,1,1,0,0,0,0,1,0,0,0,0,0,0,0
1199,900,2,2.0,1,1,1,1,0,0,0,0,0,1,0,0,0,1,0
1300,900,2,2.0,1,1,1,1,0,0,0,0,0,1,0,0,0,1,0
1585,1200,3,2.0,1,1,1,1,0,0,0,0,0,1,0,0,0,1,0
1200,950,2,2.0,0,0,1,0,0,0,0,0,0,1,0,0,0,1,0
1500,1200,3,2.0,1,1,1,1,0,0,0,0,0,1,0,0,0,1,0
1590,1063,2,2.0,1,1,1,0,0,0,0,0,0,1,0,1,0,0,0
1170,1107,2,2.0,0,0,1,0,0,0,0,1,0,0,0,0,0,0,0
1725,1333,3,2.0,1,1,0,1,0,0,0,0,0,1,0,0,0,0,0
929,686,2,1.0,1,1,1,0,0,0,1,0,0,0,0,0,0,1,0
1308,1032,2,2.0,0,0,1,0,0,0,0,1,0,0,0,0,0,0,0
1075,965,2,2.0,1,1,1,0,0,0,0,0,1,0,0,0,0,0,0
0,500,1,1.0,0,0,1,0,0,0,1,0,0,0,0,0,0,0,0
679,240,0,1.0,0,0,1,0,0,0,0,1,0,0,0,0,0,0,0
1106,700,1,1.0,0,0,1,0,0,0,0,1,0,0,0,0,0,0,0
1065,1100,2,2.0,1,1,1,0,0,0,0,0,0,1,0,1,0,0,0
975,926,2,2.0,0,0,1,0,0,0,0,1,0,0,0,0,0,0,0
950,950,2,2.0,0,0,0,0,0,0,0,0,0,1,0,0,0,1,0
950,950,2,2.0,0,0,0,0,0,0,0,0,0,1,0,0,0,1,0
1141,865,2,1.0,1,1,1,0,0,0,0,1,0,0,0,0,0,0,0
950,950,2,2.0,0,0,0,0,0,0,0,0,0,1,0,0,0,1,0
950,950,2,2.0,0,0,0,0,0,0,0,0,0,1,0,0,0,1,0
864,570,1,1.0,1,1,1,0,0,0,1,0,0,0,0,0,0,1,0
950,950,2,2.0,0,0,0,0,0,0,0,0,0,1,0,0,0,1,0
866,570,1,1.0,1,1,1,0,0,0,1,0,0,0,0,1,0,0,0
950,950,2,2.0,0,0,0,0,0,0,0,0,0,1,0,0,0,1,0
950,950,2,2.0,0,0,0,0,0,0,0,0,0,1,0,0,0,1,0
950,950,2,2.0,0,0,0,0,0,0,0,0,0,1,0,0,0,1,0
1215,925,2,1.0,0,0,1,0,0,0,0,1,0,0,0,0,0,0,0
268,300,0,1.0,1,1,0,0,0,1,0,1,0,0,0,0,0,0,0
1034,771,2,1.0,1,1,1,0,0,0,1,0,0,0,0,0,0,1,0
1319,980,2,2.0,0,0,1,0,0,0,0,1,0,0,0,0,0,0,0
1200,868,1,1.0,0,0,1,0,0,0,0,1,0,0,0,0,0,0,0
1595,1293,3,2.0,1,1,1,0,0,0,0,0,0,1,0,1,0,0,0
1500,780,1,1.0,1,1,0,0,0,0,0,0,0,1,1,0,0,0,0
1184,811,2,2.0,0,0,1,0,0,0,0,1,0,0,0,0,0,0,0
900,950,2,1.0,0,0,1,0,0,0,0,0,1,0,0,1,0,0,0
1221,827,1,1.0,1,1,1,1,0,0,0,0,0,1,0,0,0,0,0
1535,1063,2,2.0,1,1,1,0,0,0,0,0,0,1,0,1,0,0,0
1170,1107,2,2.0,0,0,1,0,0,0,0,1,0,0,0,0,0,0,0
1065,1295,2,2.0,1,1,1,0,0,0,0,0,0,1,0,1,0,0,0
1157,1152,2,2.0,1,1,1,0,0,0,0,0,1,0,0,0,0,0,0
864,570,1,1.0,1,1,1,0,0,0,1,0,0,0,0,0,0,1,0
1221,774,1,1.0,0,0,1,0,0,0,0,1,0,0,0,0,0,0,0
1251,996,2,2.0,1,1,0,0,0,0,0,1,0,0,0,0,0,0,0
679,240,0,1.0,0,0,1,0,0,0,0,1,0,0,0,0,0,0,0
888,618,1,1.0,0,0,1,0,0,0,0,1,0,0,0,0,0,0,0
1128,600,1,1.0,0,0,1,0,0,0,0,1,0,0,0,0,0,0,0
773,676,1,1.0,1,1,1,0,0,0,1,0,0,0,0,1,0,0,0
1710,1469,3,2.0,0,0,1,0,0,0,0,1,0,0,0,0,0,0,0
0,900,1,1.0,0,0,1,0,0,0,1,0,0,0,0,0,0,0,0
995,1015,2,2.0,1,1,1,0,0,0,0,1,0,0,0,0,0,0,0
795,730,1,1.0,1,1,1,0,0,0,0,1,0,0,0,0,0,0,0
950,872,2,1.0,1,1,1,0,0,0,0,1,0,0,0,0,0,0,0
995,800,2,1.0,1,1,1,0,0,0,0,0,0,1,0,0,0,1,0
995,1015,2,2.0,1,1,1,0,0,0,0,1,0,0,0,0,0,0,0
795,660,1,1.0,1,1,1,0,0,0,0,1,0,0,0,0,0,0,0
995,900,2,2.0,1,1,1,0,0,0,0,1,0,0,0,0,0,0,0
795,660,1,1.0,1,1,1,0,0,0,0,1,0,0,0,0,0,0,0
795,730,1,1.0,1,1,1,0,0,0,0,1,0,0,0,0,0,0,0
920,853,2,1.0,1,1,1,0,0,0,0,1,0,0,0,0,0,0,0
875,636,2,1.0,1,1,1,0,0,0,0,1,0,0,0,0,0,0,0
695,475,0,1.0,1,1,1,0,0,0,0,1,0,0,0,0,0,0,0
1318,1183,2,2.0,0,0,1,0,0,0,0,1,0,0,0,0,0,0,0
795,491,1,1.0,1,1,1,0,0,0,0,1,0,0,0,0,0,0,0
1116,865,2,1.0,1,1,1,0,0,0,0,1,0,0,0,0,0,0,0
1840,761,1,1.0,1,1,1,0,0,0,0,0,0,1,0,0,0,0,0
1625,984,2,2.0,0,0,1,0,0,0,0,1,0,0,0,0,0,0,0
929,686,2,1.0,1,1,1,0,0,0,1,0,0,0,0,0,0,1,0
870,570,1,1.0,1,1,1,0,0,0,1,0,0,0,0,1,0,0,0
2500,1795,2,2.0,0,0,1,0,0,0,0,1,0,0,0,0,0,0,0
1245,959,2,2.0,1,1,1,0,0,0,0,0,0,1,0,1,0,0,0
1085,1345,2,2.0,1,1,1,0,0,0,0,0,0,1,0,1,0,0,0
1425,1213,2,2.0,0,0,1,0,0,0,0,1,0,0,0,0,0,0,0
735,555,1,1.0,0,0,1,0,0,0,0,1,0,0,0,0,0,0,0
1245,959,2,2.0,1,1,1,0,0,0,0,0,0,1,0,1,0,0,0
904,600,1,1.0,1,1,1,0,0,0,0,0,0,1,0,1,0,0,0
268,300,0,1.0,1,1,0,0,0,1,1,0,0,0,0,0,0,0,0
919,672,1,1.0,1,1,1,0,0,0,1,0,0,0,0,1,0,0,0
1099,955,1,1.0,0,0,1,0,0,0,0,1,0,0,0,0,0,0,0
880,720,1,1.0,1,1,1,0,0,0,0,0,0,1,0,1,0,0,0
1129,900,2,2.0,0,0,1,0,0,0,0,1,0,0,0,0,0,0,0
1205,820,1,1.0,1,1,1,0,0,0,0,0,0,1,0,1,0,0,0
1309,1137,2,2.0,0,0,1,0,0,0,0,1,0,0,0,0,0,0,0
1235,900,2,2.0,0,0,1,0,0,0,0,1,0,0,0,0,0,0,0
1833,1289,3,2.0,1,1,1,0,0,0,0,0,0,1,0,1,0,0,0
1285,953,2,1.0,1,1,1,0,0,0,0,0,0,1,0,1,0,0,0
1635,1188,3,2.0,1,1,1,0,0,0,0,0,0,1,0,1,0,0,0
1324,750,1,1.0,1,1,1,0,0,0,1,0,0,0,0,0,0,0,0
1204,765,1,1.0,1,1,1,0,0,0,0,0,0,1,0,1,0,0,0
1625,1200,3,2.0,1,1,1,1,0,0,0,0,0,1,0,0,0,1,0
1159,900,2,2.0,0,0,1,0,0,0,0,1,0,0,0,0,0,0,0
1575,1200,3,2.0,1,1,1,1,0,0,0,0,0,1,0,0,0,1,0
1585,1063,2,2.0,1,1,1,0,0,0,0,0,0,1,0,1,0,0,0
920,868,2,2.0,1,1,1,0,0,0,0,0,0,1,0,1,0,0,0
1129,900,2,2.0,0,0,1,0,0,0,0,1,0,0,0,0,0,0,0
1453,1200,3,2.0,0,0,1,0,0,0,0,1,0,0,0,0,0,0,0
1000,876,3,1.0,1,1,1,0,0,0,1,0,0,0,0,1,0,0,0
1096,700,1,1.0,0,0,1,0,0,0,0,1,0,0,0,0,0,0,0
1328,1050,2,2.0,1,1,1,0,0,0,0,0,0,1,0,1,0,0,0
1100,767,2,1.0,1,1,1,0,0,0,1,0,0,0,0,1,0,0,0
1249,837,2,1.0,0,0,1,0,0,0,0,1,0,0,0,0,0,0,0
1568,1000,2,2.0,0,0,1,0,0,0,0,1,0,0,0,0,0,0,0
955,900,2,2.0,1,1,1,0,0,0,1,0,0,0,0,0,0,1,0
1100,767,2,1.0,1,1,1,0,0,0,1,0,0,0,0,1,0,0,0
975,707,1,1.0,1,1,1,0,0,0,0,0,0,1,0,1,0,0,0
909,630,1,1.0,0,0,1,0,0,0,0,1,0,0,0,0,0,0,0
1274,738,1,1.0,1,1,1,0,0,0,0,1,0,0,0,0,0,0,0
1128,712,1,1.0,0,0,1,0,0,0,0,1,0,0,0,0,0,0,0
1330,1147,2,2.0,1,1,1,0,0,0,0,0,0,1,0,0,1,0,0
1365,1119,2,2.0,1,1,1,0,0,0,0,0,0,1,0,1,0,0,0
1330,948,2,2.0,1,1,1,0,0,0,0,0,0,1,0,1,0,0,0
1175,1009,2,2.0,0,0,1,0,0,0,0,1,0,0,0,0,0,0,0
802,625,1,1.0,1,1,1,0,0,0,0,0,0,1,0,1,0,0,0
950,495,1,0.0,1,1,1,0,0,0,1,0,0,0,0,1,0,0,0
1210,840,2,1.0,1,1,1,0,0,0,0,0,0,1,0,1,0,0,0
1150,850,2,2.0,1,0,1,0,0,0,0,0,1,0,0,0,0,0,0
1132,720,1,1.0,0,0,1,0,0,0,0,1,0,0,0,0,0,0,0
1223,873,2,1.0,1,1,1,0,0,0,1,0,0,0,0,0,0,0,0
960,600,1,1.0,0,0,1,0,0,0,0,1,0,0,0,0,0,0,0
950,996,3,2.0,1,1,1,0,0,0,0,0,0,1,0,0,0,1,0
1000,876,3,1.0,1,1,1,0,0,0,1,0,0,0,0,1,0,0,0
995,744,1,1.0,1,1,1,0,0,0,0,0,0,1,0,1,0,0,0
890,681,1,1.0,1,1,1,0,0,0,0,0,0,1,0,1,0,0,0
1095,1365,2,2.0,1,1,1,0,0,0,0,0,0,1,0,1,0,0,0
850,838,2,2.0,1,1,1,0,0,0,0,0,0,1,0,0,0,1,0
1149,1181,2,2.0,1,1,1,0,0,0,0,0,0,1,0,1,0,0,0
1195,840,2,1.0,0,0,1,0,0,0,0,1,0,0,0,0,0,0,0
1595,1071,1,1.0,1,1,1,0,0,0,0,0,0,1,1,0,0,0,0
1403,1180,2,2.0,1,1,1,0,0,0,0,0,0,1,0,1,0,0,0
1000,876,3,1.0,1,1,1,0,0,0,1,0,0,0,0,1,0,0,0
1300,1167,2,2.0,0,0,1,0,0,0,0,1,0,0,0,0,0,0,0
1390,980,2,2.5,1,1,1,0,0,0,0,0,0,1,0,1,0,0,0
1335,693,1,1.0,1,1,0,1,0,0,0,0,0,1,0,0,0,0,0
1183,805,2,2.0,1,1,1,0,0,0,1,0,0,0,0,1,0,0,0
907,900,2,2.0,1,1,1,0,0,0,1,0,0,0,0,1,0,0,0
1085,1365,2,2.0,1,1,1,0,0,0,0,0,0,1,0,1,0,0,0
1221,862,2,1.0,1,1,1,0,0,0,0,0,0,1,0,1,0,0,0
864,570,1,1.0,1,1,1,0,0,0,1,0,0,0,0,0,0,1,0
1195,692,1,1.0,1,1,1,0,0,0,0,0,0,1,0,1,0,0,0
1225,900,2,2.0,0,0,1,0,0,0,0,1,0,0,0,0,0,0,0
1310,1003,2,2.0,1,1,0,0,0,0,0,0,0,1,0,1,0,0,0
1359,1050,2,2.0,1,1,1,0,0,0,0,0,0,1,0,1,0,0,0
925,710,1,1.0,1,1,1,0,0,0,0,0,0,1,0,1,0,0,0
1702,1152,3,2.0,1,1,1,0,0,0,0,0,0,1,0,1,0,0,0
985,850,2,2.0,1,1,1,0,0,0,1,0,0,0,0,1,0,0,0
1010,756,1,1.0,1,1,1,0,0,0,0,0,0,1,0,1,0,0,0
1212,865,2,2.0,1,1,1,0,0,0,1,0,0,0,0,1,0,0,0
912,800,1,1.0,1,1,1,0,0,0,0,0,0,1,0,1,0,0,0
1345,956,2,2.0,0,0,1,0,0,0,0,0,0,1,0,1,0,0,0
917,640,1,1.0,1,1,1,0,0,0,1,0,0,0,0,1,0,0,0
925,747,1,1.0,1,1,1,0,0,0,1,0,0,0,0,1,0,0,0
925,747,1,1.0,1,1,1,0,0,0,1,0,0,0,0,1,0,0,0
925,747,1,1.0,1,1,1,0,0,0,1,0,0,0,0,1,0,0,0
1030,884,2,2.0,1,1,1,0,0,0,1,0,0,0,0,1,0,0,0
925,747,1,1.0,1,1,1,0,0,0,1,0,0,0,0,1,0,0,0
795,491,0,1.0,1,1,1,0,0,0,0,0,0,1,0,0,0,1,0
1353,1054,2,2.0,0,0,1,0,0,0,0,1,0,0,0,0,0,0,0
1325,1204,3,2.0,0,0,1,0,0,0,0,1,0,0,0,0,0,0,0
799,600,1,1.0,1,1,1,0,0,0,1,0,0,0,0,1,0,0,0
1275,900,2,2.0,0,0,1,0,0,0,0,1,0,0,0,0,0,0,0
1000,967,2,2.0,1,1,1,0,0,0,0,0,0,1,0,1,0,0,0
694,879,2,2.0,0,0,1,0,0,0,0,1,0,0,0,0,0,0,0
1166,676,1,1.0,1,1,1,0,0,0,0,0,0,1,1,0,0,0,0
1312,1018,2,2.0,1,1,0,0,0,0,0,0,0,1,0,1,0,0,0
1115,700,1,1.0,1,1,1,0,0,0,0,0,0,1,0,1,0,0,0
1000,967,2,2.0,1,1,1,0,0,0,0,0,0,1,0,1,0,0,0
960,912,2,2.0,1,1,1,0,0,0,0,0,0,1,0,1,0,0,0
960,912,2,2.0,1,1,1,0,0,0,0,0,0,1,0,1,0,0,0
1625,743,1,1.0,1,1,1,1,1,0,0,0,0,1,1,0,0,0,0
925,878,2,2.0,1,1,1,0,0,0,0,0,0,1,0,1,0,0,0
1337,970,2,2.0,1,1,1,0,0,0,0,0,0,1,0,0,0,1,0
1300,1000,2,2.0,1,1,1,0,0,0,0,0,0,1,0,0,0,0,0
845,550,1,1.0,1,1,1,0,0,0,1,0,0,0,0,1,0,0,0
1121,662,1,1.0,0,0,1,0,0,0,0,1,0,0,0,0,0,0,0
1172,715,1,1.0,1,1,1,0,0,0,0,0,0,1,0,1,0,0,0
1577,862,1,1.0,0,0,1,0,0,0,0,1,0,0,0,0,0,0,0
1416,1058,2,2.0,1,1,1,0,0,0,0,1,0,0,0,0,0,0,0
1192,741,1,1.0,1,1,1,0,0,0,0,0,0,1,0,0,1,0,0
800,767,2,1.0,1,1,1,0,0,0,1,0,0,0,0,1,0,0,0
1260,693,0,1.0,1,1,1,0,0,0,0,0,0,1,1,0,0,0,0
0,500,1,1.0,0,0,1,0,0,0,1,0,0,0,0,0,0,0,0
1300,1200,2,1.0,1,1,1,1,0,0,0,0,0,1,0,0,0,1,0
1518,1195,3,2.0,0,0,1,0,0,0,0,1,0,0,0,0,0,0,0
1381,1183,3,2.0,0,0,1,0,0,0,0,1,0,0,0,0,0,0,0
1205,970,2,2.0,1,1,1,0,0,0,0,0,0,1,0,1,0,0,0
1080,613,1,1.0,0,0,1,0,0,0,0,1,0,0,0,0,0,0,0
1815,889,1,1.0,1,1,1,0,0,0,0,0,0,1,1,0,0,0,0
1019,844,2,2.0,1,1,1,0,0,0,0,0,0,1,0,0,0,0,0
770,597,1,1.0,1,1,1,0,0,0,0,0,0,1,0,1,0,0,0
1299,1043,2,2.0,1,1,1,0,0,0,0,0,0,1,0,1,0,0,0
1515,802,1,1.0,1,1,1,0,0,0,0,0,0,1,1,0,0,0,0
1130,742,1,1.0,1,1,0,1,0,0,0,0,0,1,0,0,0,0,0
1106,732,1,1.0,1,1,1,0,0,0,0,0,0,1,0,1,0,0,0
1000,876,3,1.0,1,1,1,0,0,0,1,0,0,0,0,1,0,0,0
725,590,1,1.0,1,1,1,0,0,0,1,0,0,0,0,0,0,0,0
1320,768,1,1.0,1,1,1,0,0,0,0,0,0,1,1,0,0,0,0
1308,980,2,2.0,0,0,1,0,0,0,0,1,0,0,0,0,0,0,0
1677,1069,3,2.0,1,1,1,0,0,0,0,0,0,1,0,0,1,0,0
1195,1054,2,2.0,1,1,1,0,0,0,0,0,0,1,0,1,0,0,0
809,611,1,1.0,1,1,1,0,0,0,1,0,0,0,0,1,0,0,0
1250,950,2,2.0,1,1,1,0,0,0,0,0,0,1,0,0,0,0,0
1400,900,2,2.0,0,0,1,0,0,0,0,0,0,1,0,0,0,1,0
1395,1100,2,2.0,1,1,1,0,0,0,0,0,0,1,0,0,0,1,0
1523,1201,3,2.0,0,0,1,0,0,0,0,1,0,0,0,0,0,0,0
1015,720,1,1.0,0,0,1,0,0,0,0,1,0,0,0,0,0,0,0
1031,695,1,1.0,0,0,1,0,0,0,0,1,0,0,0,0,0,0,0
1670,1550,4,2.0,1,1,1,0,0,0,0,0,0,1,0,0,0,1,0
1035,580,1,1.0,1,1,1,0,0,0,1,0,0,0,0,1,0,0,0
1159,792,1,1.0,0,0,1,0,0,0,0,1,0,0,0,0,0,0,0
920,456,1,1.0,0,0,1,0,0,0,0,1,0,0,0,0,0,0,0
1350,1135,2,2.0,0,0,1,0,0,0,0,1,0,0,0,0,0,0,0
1525,965,2,2.0,0,0,1,0,0,0,0,1,0,0,0,0,0,0,0
1180,689,1,1.0,0,0,1,0,0,0,0,1,0,0,0,0,0,0,0
1165,707,1,1.0,1,1,1,0,0,0,0,0,0,1,0,1,0,0,0
1205,840,2,1.0,1,1,1,0,0,0,1,0,0,0,0,1,0,0,0
1450,1006,2,2.0,0,0,1,0,0,0,0,1,0,0,0,0,0,0,0
